[{"model": "admin.logentry", "pk": 1, "fields": {"action_time": "2023-04-19T01:46:52.157Z", "user": 1, "content_type": 14, "object_id": "1", "object_repr": "M¾dulos", "action_flag": 1, "change_message": "[{\"added\": {}}]"}}, {"model": "admin.logentry", "pk": 2, "fields": {"action_time": "2023-04-19T01:47:29.843Z", "user": 1, "content_type": 14, "object_id": "2", "object_repr": "Docentes", "action_flag": 1, "change_message": "[{\"added\": {}}]"}}, {"model": "admin.logentry", "pk": 3, "fields": {"action_time": "2023-04-19T01:47:49.512Z", "user": 1, "content_type": 14, "object_id": "3", "object_repr": "Alumnos", "action_flag": 1, "change_message": "[{\"added\": {}}]"}}, {"model": "admin.logentry", "pk": 4, "fields": {"action_time": "2023-04-19T01:48:05.543Z", "user": 1, "content_type": 14, "object_id": "4", "object_repr": "Cursos", "action_flag": 1, "change_message": "[{\"added\": {}}]"}}, {"model": "admin.logentry", "pk": 5, "fields": {"action_time": "2023-04-19T01:48:10.505Z", "user": 1, "content_type": 14, "object_id": "1", "object_repr": "M¾dulos", "action_flag": 2, "change_message": "[{\"changed\": {\"fields\": [\"\\u00bfM\\u00f3dulo activo?\"]}}]"}}, {"model": "admin.logentry", "pk": 6, "fields": {"action_time": "2023-04-19T01:48:15.306Z", "user": 1, "content_type": 14, "object_id": "2", "object_repr": "Docentes", "action_flag": 2, "change_message": "[{\"changed\": {\"fields\": [\"\\u00bfM\\u00f3dulo activo?\"]}}]"}}, {"model": "admin.logentry", "pk": 7, "fields": {"action_time": "2023-04-19T01:48:20.497Z", "user": 1, "content_type": 14, "object_id": "3", "object_repr": "Alumnos", "action_flag": 2, "change_message": "[{\"changed\": {\"fields\": [\"\\u00bfM\\u00f3dulo activo?\"]}}]"}}, {"model": "admin.logentry", "pk": 8, "fields": {"action_time": "2023-04-21T01:17:04.951Z", "user": 1, "content_type": 8, "object_id": "1", "object_repr": "Masculino", "action_flag": 1, "change_message": "[{\"added\": {}}]"}}, {"model": "admin.logentry", "pk": 9, "fields": {"action_time": "2023-04-21T01:17:09.073Z", "user": 1, "content_type": 8, "object_id": "2", "object_repr": "Femenino", "action_flag": 1, "change_message": "[{\"added\": {}}]"}}, {"model": "admin.logentry", "pk": 10, "fields": {"action_time": "2023-04-21T01:17:53.901Z", "user": 1, "content_type": 3, "object_id": "1", "object_repr": "Administrativo", "action_flag": 1, "change_message": "[{\"added\": {}}]"}}, {"model": "admin.logentry", "pk": 11, "fields": {"action_time": "2023-04-21T01:18:01.798Z", "user": 1, "content_type": 3, "object_id": "2", "object_repr": "Docente", "action_flag": 1, "change_message": "[{\"added\": {}}]"}}, {"model": "admin.logentry", "pk": 12, "fields": {"action_time": "2023-04-21T01:18:07.498Z", "user": 1, "content_type": 3, "object_id": "3", "object_repr": "Alumno", "action_flag": 1, "change_message": "[{\"added\": {}}]"}}, {"model": "admin.logentry", "pk": 13, "fields": {"action_time": "2023-04-21T01:18:20.653Z", "user": 1, "content_type": 4, "object_id": "1", "object_repr": "admin", "action_flag": 2, "change_message": "[{\"changed\": {\"fields\": [\"Groups\"]}}]"}}, {"model": "admin.logentry", "pk": 14, "fields": {"action_time": "2023-04-24T17:39:56.549Z", "user": 1, "content_type": 12, "object_id": "1", "object_repr": "PROFESOR", "action_flag": 2, "change_message": "[{\"changed\": {\"fields\": [\"Es administrador\"]}}]"}}, {"model": "admin.logentry", "pk": 15, "fields": {"action_time": "2023-04-24T17:43:30.799Z", "user": 1, "content_type": 4, "object_id": "2", "object_repr": "johnalfredo", "action_flag": 2, "change_message": "[{\"changed\": {\"fields\": [\"Groups\"]}}]"}}, {"model": "admin.logentry", "pk": 16, "fields": {"action_time": "2023-04-24T17:43:55.559Z", "user": 1, "content_type": 19, "object_id": "1", "object_repr": "Administrativo - Cursos - True", "action_flag": 1, "change_message": "[{\"added\": {}}]"}}, {"model": "admin.logentry", "pk": 17, "fields": {"action_time": "2023-04-24T17:44:02.393Z", "user": 1, "content_type": 19, "object_id": "2", "object_repr": "Administrativo - Tipo de rubros - True", "action_flag": 1, "change_message": "[{\"added\": {}}]"}}, {"model": "admin.logentry", "pk": 18, "fields": {"action_time": "2023-04-24T17:44:08.975Z", "user": 1, "content_type": 19, "object_id": "3", "object_repr": "Administrativo - Finanzas - True", "action_flag": 1, "change_message": "[{\"added\": {}}]"}}, {"model": "admin.logentry", "pk": 19, "fields": {"action_time": "2023-04-24T17:44:14.183Z", "user": 1, "content_type": 19, "object_id": "4", "object_repr": "Administrativo - Leads - True", "action_flag": 1, "change_message": "[{\"added\": {}}]"}}, {"model": "admin.logentry", "pk": 20, "fields": {"action_time": "2023-04-24T17:44:22.586Z", "user": 1, "content_type": 19, "object_id": "5", "object_repr": "Administrativo - Recibo de comprobantes - True", "action_flag": 1, "change_message": "[{\"added\": {}}]"}}, {"model": "admin.logentry", "pk": 21, "fields": {"action_time": "2023-04-24T17:44:29.308Z", "user": 1, "content_type": 19, "object_id": "6", "object_repr": "Administrativo - Caja - True", "action_flag": 1, "change_message": "[{\"added\": {}}]"}}, {"model": "admin.logentry", "pk": 22, "fields": {"action_time": "2023-04-24T17:44:33.846Z", "user": 1, "content_type": 19, "object_id": "7", "object_repr": "Administrativo - Sesiones caja - True", "action_flag": 1, "change_message": "[{\"added\": {}}]"}}, {"model": "admin.logentry", "pk": 23, "fields": {"action_time": "2023-04-25T15:57:07.328Z", "user": 1, "content_type": 7, "object_id": "2", "object_repr": "Idrovo Campoverde John Alfredo", "action_flag": 1, "change_message": "[{\"added\": {}}]"}}, {"model": "admin.logentry", "pk": 24, "fields": {"action_time": "2023-04-25T17:09:07.550Z", "user": 1, "content_type": 19, "object_id": "8", "object_repr": "Docente - Mis cursos - True", "action_flag": 1, "change_message": "[{\"added\": {}}]"}}, {"model": "admin.logentry", "pk": 25, "fields": {"action_time": "2023-04-28T16:21:44.097Z", "user": 1, "content_type": 19, "object_id": "9", "object_repr": "Administrativo - Facturas - True", "action_flag": 1, "change_message": "[{\"added\": {}}]"}}, {"model": "admin.logentry", "pk": 26, "fields": {"action_time": "2023-04-28T17:11:05.421Z", "user": 1, "content_type": 19, "object_id": "10", "object_repr": "Administrativo - Cargos - True", "action_flag": 1, "change_message": "[{\"added\": {}}]"}}, {"model": "admin.logentry", "pk": 27, "fields": {"action_time": "2023-04-28T17:37:08.226Z", "user": 1, "content_type": 19, "object_id": "11", "object_repr": "Administrativo - Docentes - True", "action_flag": 1, "change_message": "[{\"added\": {}}]"}}, {"model": "admin.logentry", "pk": 28, "fields": {"action_time": "2023-04-28T17:37:11.477Z", "user": 1, "content_type": 19, "object_id": "11", "object_repr": "Administrativo - Alumnos - True", "action_flag": 2, "change_message": "[{\"changed\": {\"fields\": [\"Modulo\"]}}]"}}, {"model": "admin.logentry", "pk": 29, "fields": {"action_time": "2023-04-28T17:38:05.599Z", "user": 1, "content_type": 19, "object_id": "12", "object_repr": "Administrativo - Docentes - True", "action_flag": 1, "change_message": "[{\"added\": {}}]"}}, {"model": "auth.permission", "pk": 1, "fields": {"name": "Can add log entry", "content_type": 1, "codename": "add_logentry"}}, {"model": "auth.permission", "pk": 2, "fields": {"name": "Can change log entry", "content_type": 1, "codename": "change_logentry"}}, {"model": "auth.permission", "pk": 3, "fields": {"name": "Can delete log entry", "content_type": 1, "codename": "delete_logentry"}}, {"model": "auth.permission", "pk": 4, "fields": {"name": "Can view log entry", "content_type": 1, "codename": "view_logentry"}}, {"model": "auth.permission", "pk": 5, "fields": {"name": "Can add permission", "content_type": 2, "codename": "add_permission"}}, {"model": "auth.permission", "pk": 6, "fields": {"name": "Can change permission", "content_type": 2, "codename": "change_permission"}}, {"model": "auth.permission", "pk": 7, "fields": {"name": "Can delete permission", "content_type": 2, "codename": "delete_permission"}}, {"model": "auth.permission", "pk": 8, "fields": {"name": "Can view permission", "content_type": 2, "codename": "view_permission"}}, {"model": "auth.permission", "pk": 9, "fields": {"name": "Can add group", "content_type": 3, "codename": "add_group"}}, {"model": "auth.permission", "pk": 10, "fields": {"name": "Can change group", "content_type": 3, "codename": "change_group"}}, {"model": "auth.permission", "pk": 11, "fields": {"name": "Can delete group", "content_type": 3, "codename": "delete_group"}}, {"model": "auth.permission", "pk": 12, "fields": {"name": "Can view group", "content_type": 3, "codename": "view_group"}}, {"model": "auth.permission", "pk": 13, "fields": {"name": "Can add user", "content_type": 4, "codename": "add_user"}}, {"model": "auth.permission", "pk": 14, "fields": {"name": "Can change user", "content_type": 4, "codename": "change_user"}}, {"model": "auth.permission", "pk": 15, "fields": {"name": "Can delete user", "content_type": 4, "codename": "delete_user"}}, {"model": "auth.permission", "pk": 16, "fields": {"name": "Can view user", "content_type": 4, "codename": "view_user"}}, {"model": "auth.permission", "pk": 17, "fields": {"name": "Can add content type", "content_type": 5, "codename": "add_contenttype"}}, {"model": "auth.permission", "pk": 18, "fields": {"name": "Can change content type", "content_type": 5, "codename": "change_contenttype"}}, {"model": "auth.permission", "pk": 19, "fields": {"name": "Can delete content type", "content_type": 5, "codename": "delete_contenttype"}}, {"model": "auth.permission", "pk": 20, "fields": {"name": "Can view content type", "content_type": 5, "codename": "view_contenttype"}}, {"model": "auth.permission", "pk": 21, "fields": {"name": "Can add session", "content_type": 6, "codename": "add_session"}}, {"model": "auth.permission", "pk": 22, "fields": {"name": "Can change session", "content_type": 6, "codename": "change_session"}}, {"model": "auth.permission", "pk": 23, "fields": {"name": "Can delete session", "content_type": 6, "codename": "delete_session"}}, {"model": "auth.permission", "pk": 24, "fields": {"name": "Can view session", "content_type": 6, "codename": "view_session"}}, {"model": "auth.permission", "pk": 25, "fields": {"name": "Can add Alumno", "content_type": 7, "codename": "add_alumno"}}, {"model": "auth.permission", "pk": 26, "fields": {"name": "Can change Alumno", "content_type": 7, "codename": "change_alumno"}}, {"model": "auth.permission", "pk": 27, "fields": {"name": "Can delete Alumno", "content_type": 7, "codename": "delete_alumno"}}, {"model": "auth.permission", "pk": 28, "fields": {"name": "Can view Alumno", "content_type": 7, "codename": "view_alumno"}}, {"model": "auth.permission", "pk": 29, "fields": {"name": "Can add GÚnero", "content_type": 8, "codename": "add_genero"}}, {"model": "auth.permission", "pk": 30, "fields": {"name": "Can change GÚnero", "content_type": 8, "codename": "change_genero"}}, {"model": "auth.permission", "pk": 31, "fields": {"name": "Can delete GÚnero", "content_type": 8, "codename": "delete_genero"}}, {"model": "auth.permission", "pk": 32, "fields": {"name": "Can view GÚnero", "content_type": 8, "codename": "view_genero"}}, {"model": "auth.permission", "pk": 33, "fields": {"name": "Can add Persona", "content_type": 9, "codename": "add_persona"}}, {"model": "auth.permission", "pk": 34, "fields": {"name": "Can change Persona", "content_type": 9, "codename": "change_persona"}}, {"model": "auth.permission", "pk": 35, "fields": {"name": "Can delete Persona", "content_type": 9, "codename": "delete_persona"}}, {"model": "auth.permission", "pk": 36, "fields": {"name": "Can view Persona", "content_type": 9, "codename": "view_persona"}}, {"model": "auth.permission", "pk": 37, "fields": {"name": "Can add tiempo antes recordatorio correo", "content_type": 10, "codename": "add_tiempoantesrecordatoriocorreo"}}, {"model": "auth.permission", "pk": 38, "fields": {"name": "Can change tiempo antes recordatorio correo", "content_type": 10, "codename": "change_tiempoantesrecordatoriocorreo"}}, {"model": "auth.permission", "pk": 39, "fields": {"name": "Can delete tiempo antes recordatorio correo", "content_type": 10, "codename": "delete_tiempoantesrecordatoriocorreo"}}, {"model": "auth.permission", "pk": 40, "fields": {"name": "Can view tiempo antes recordatorio correo", "content_type": 10, "codename": "view_tiempoantesrecordatoriocorreo"}}, {"model": "auth.permission", "pk": 41, "fields": {"name": "Can add rubro", "content_type": 11, "codename": "add_rubro"}}, {"model": "auth.permission", "pk": 42, "fields": {"name": "Can change rubro", "content_type": 11, "codename": "change_rubro"}}, {"model": "auth.permission", "pk": 43, "fields": {"name": "Can delete rubro", "content_type": 11, "codename": "delete_rubro"}}, {"model": "auth.permission", "pk": 44, "fields": {"name": "Can view rubro", "content_type": 11, "codename": "view_rubro"}}, {"model": "auth.permission", "pk": 45, "fields": {"name": "Can add Perfil de persona", "content_type": 12, "codename": "add_personaperfil"}}, {"model": "auth.permission", "pk": 46, "fields": {"name": "Can change Perfil de persona", "content_type": 12, "codename": "change_personaperfil"}}, {"model": "auth.permission", "pk": 47, "fields": {"name": "Can delete Perfil de persona", "content_type": 12, "codename": "delete_personaperfil"}}, {"model": "auth.permission", "pk": 48, "fields": {"name": "Can view Perfil de persona", "content_type": 12, "codename": "view_personaperfil"}}, {"model": "auth.permission", "pk": 49, "fields": {"name": "Can add pago", "content_type": 13, "codename": "add_pago"}}, {"model": "auth.permission", "pk": 50, "fields": {"name": "Can change pago", "content_type": 13, "codename": "change_pago"}}, {"model": "auth.permission", "pk": 51, "fields": {"name": "Can delete pago", "content_type": 13, "codename": "delete_pago"}}, {"model": "auth.permission", "pk": 52, "fields": {"name": "Can view pago", "content_type": 13, "codename": "view_pago"}}, {"model": "auth.permission", "pk": 53, "fields": {"name": "Can add M¾dulo del sistema", "content_type": 14, "codename": "add_modulo"}}, {"model": "auth.permission", "pk": 54, "fields": {"name": "Can change M¾dulo del sistema", "content_type": 14, "codename": "change_modulo"}}, {"model": "auth.permission", "pk": 55, "fields": {"name": "Can delete M¾dulo del sistema", "content_type": 14, "codename": "delete_modulo"}}, {"model": "auth.permission", "pk": 56, "fields": {"name": "Can view M¾dulo del sistema", "content_type": 14, "codename": "view_modulo"}}, {"model": "auth.permission", "pk": 57, "fields": {"name": "Can add factura", "content_type": 15, "codename": "add_factura"}}, {"model": "auth.permission", "pk": 58, "fields": {"name": "Can change factura", "content_type": 15, "codename": "change_factura"}}, {"model": "auth.permission", "pk": 59, "fields": {"name": "Can delete factura", "content_type": 15, "codename": "delete_factura"}}, {"model": "auth.permission", "pk": 60, "fields": {"name": "Can view factura", "content_type": 15, "codename": "view_factura"}}, {"model": "auth.permission", "pk": 61, "fields": {"name": "Can add documentos", "content_type": 16, "codename": "add_documentos"}}, {"model": "auth.permission", "pk": 62, "fields": {"name": "Can change documentos", "content_type": 16, "codename": "change_documentos"}}, {"model": "auth.permission", "pk": 63, "fields": {"name": "Can delete documentos", "content_type": 16, "codename": "delete_documentos"}}, {"model": "auth.permission", "pk": 64, "fields": {"name": "Can view documentos", "content_type": 16, "codename": "view_documentos"}}, {"model": "auth.permission", "pk": 65, "fields": {"name": "Can add Docente", "content_type": 17, "codename": "add_docente"}}, {"model": "auth.permission", "pk": 66, "fields": {"name": "Can change Docente", "content_type": 17, "codename": "change_docente"}}, {"model": "auth.permission", "pk": 67, "fields": {"name": "Can delete Docente", "content_type": 17, "codename": "delete_docente"}}, {"model": "auth.permission", "pk": 68, "fields": {"name": "Can view Docente", "content_type": 17, "codename": "view_docente"}}, {"model": "auth.permission", "pk": 69, "fields": {"name": "Can add Cargo docente", "content_type": 18, "codename": "add_cargodocente"}}, {"model": "auth.permission", "pk": 70, "fields": {"name": "Can change Cargo docente", "content_type": 18, "codename": "change_cargodocente"}}, {"model": "auth.permission", "pk": 71, "fields": {"name": "Can delete Cargo docente", "content_type": 18, "codename": "delete_cargodocente"}}, {"model": "auth.permission", "pk": 72, "fields": {"name": "Can view Cargo docente", "content_type": 18, "codename": "view_cargodocente"}}, {"model": "auth.permission", "pk": 73, "fields": {"name": "Can add Acceso a m¾dulo", "content_type": 19, "codename": "add_accesomodulo"}}, {"model": "auth.permission", "pk": 74, "fields": {"name": "Can change Acceso a m¾dulo", "content_type": 19, "codename": "change_accesomodulo"}}, {"model": "auth.permission", "pk": 75, "fields": {"name": "Can delete Acceso a m¾dulo", "content_type": 19, "codename": "delete_accesomodulo"}}, {"model": "auth.permission", "pk": 76, "fields": {"name": "Can view Acceso a m¾dulo", "content_type": 19, "codename": "view_accesomodulo"}}, {"model": "auth.permission", "pk": 77, "fields": {"name": "Can add Periodo de cursos", "content_type": 20, "codename": "add_periodo"}}, {"model": "auth.permission", "pk": 78, "fields": {"name": "Can change Periodo de cursos", "content_type": 20, "codename": "change_periodo"}}, {"model": "auth.permission", "pk": 79, "fields": {"name": "Can delete Periodo de cursos", "content_type": 20, "codename": "delete_periodo"}}, {"model": "auth.permission", "pk": 80, "fields": {"name": "Can view Periodo de cursos", "content_type": 20, "codename": "view_periodo"}}, {"model": "auth.permission", "pk": 81, "fields": {"name": "Can add curso", "content_type": 21, "codename": "add_curso"}}, {"model": "auth.permission", "pk": 82, "fields": {"name": "Can change curso", "content_type": 21, "codename": "change_curso"}}, {"model": "auth.permission", "pk": 83, "fields": {"name": "Can delete curso", "content_type": 21, "codename": "delete_curso"}}, {"model": "auth.permission", "pk": 84, "fields": {"name": "Can view curso", "content_type": 21, "codename": "view_curso"}}, {"model": "auth.permission", "pk": 85, "fields": {"name": "Can add Tipo otro rubro", "content_type": 22, "codename": "add_tipootrorubro"}}, {"model": "auth.permission", "pk": 86, "fields": {"name": "Can change Tipo otro rubro", "content_type": 22, "codename": "change_tipootrorubro"}}, {"model": "auth.permission", "pk": 87, "fields": {"name": "Can delete Tipo otro rubro", "content_type": 22, "codename": "delete_tipootrorubro"}}, {"model": "auth.permission", "pk": 88, "fields": {"name": "Can view Tipo otro rubro", "content_type": 22, "codename": "view_tipootrorubro"}}, {"model": "auth.permission", "pk": 89, "fields": {"name": "Can add Detalle del modelo evaluativo", "content_type": 23, "codename": "add_detallemodeloevaluativo"}}, {"model": "auth.permission", "pk": 90, "fields": {"name": "Can change Detalle del modelo evaluativo", "content_type": 23, "codename": "change_detallemodeloevaluativo"}}, {"model": "auth.permission", "pk": 91, "fields": {"name": "Can delete Detalle del modelo evaluativo", "content_type": 23, "codename": "delete_detallemodeloevaluativo"}}, {"model": "auth.permission", "pk": 92, "fields": {"name": "Can view Detalle del modelo evaluativo", "content_type": 23, "codename": "view_detallemodeloevaluativo"}}, {"model": "auth.permission", "pk": 93, "fields": {"name": "Can add Modelo evaluativo", "content_type": 24, "codename": "add_modeloevaluativo"}}, {"model": "auth.permission", "pk": 94, "fields": {"name": "Can change Modelo evaluativo", "content_type": 24, "codename": "change_modeloevaluativo"}}, {"model": "auth.permission", "pk": 95, "fields": {"name": "Can delete Modelo evaluativo", "content_type": 24, "codename": "delete_modeloevaluativo"}}, {"model": "auth.permission", "pk": 96, "fields": {"name": "Can view Modelo evaluativo", "content_type": 24, "codename": "view_modeloevaluativo"}}, {"model": "auth.permission", "pk": 97, "fields": {"name": "Can add cuotas curso", "content_type": 25, "codename": "add_cuotascurso"}}, {"model": "auth.permission", "pk": 98, "fields": {"name": "Can change cuotas curso", "content_type": 25, "codename": "change_cuotascurso"}}, {"model": "auth.permission", "pk": 99, "fields": {"name": "Can delete cuotas curso", "content_type": 25, "codename": "delete_cuotascurso"}}, {"model": "auth.permission", "pk": 100, "fields": {"name": "Can view cuotas curso", "content_type": 25, "codename": "view_cuotascurso"}}, {"model": "auth.permission", "pk": 101, "fields": {"name": "Can add Nota del inscrito", "content_type": 26, "codename": "add_notainscrito"}}, {"model": "auth.permission", "pk": 102, "fields": {"name": "Can change Nota del inscrito", "content_type": 26, "codename": "change_notainscrito"}}, {"model": "auth.permission", "pk": 103, "fields": {"name": "Can delete Nota del inscrito", "content_type": 26, "codename": "delete_notainscrito"}}, {"model": "auth.permission", "pk": 104, "fields": {"name": "Can view Nota del inscrito", "content_type": 26, "codename": "view_notainscrito"}}, {"model": "auth.permission", "pk": 105, "fields": {"name": "Can add Inscrito Curso", "content_type": 27, "codename": "add_inscritocurso"}}, {"model": "auth.permission", "pk": 106, "fields": {"name": "Can change Inscrito Curso", "content_type": 27, "codename": "change_inscritocurso"}}, {"model": "auth.permission", "pk": 107, "fields": {"name": "Can delete Inscrito Curso", "content_type": 27, "codename": "delete_inscritocurso"}}, {"model": "auth.permission", "pk": 108, "fields": {"name": "Can view Inscrito Curso", "content_type": 27, "codename": "view_inscritocurso"}}, {"model": "auth.permission", "pk": 109, "fields": {"name": "Can add valor recaudado", "content_type": 28, "codename": "add_valorrecaudado"}}, {"model": "auth.permission", "pk": 110, "fields": {"name": "Can change valor recaudado", "content_type": 28, "codename": "change_valorrecaudado"}}, {"model": "auth.permission", "pk": 111, "fields": {"name": "Can delete valor recaudado", "content_type": 28, "codename": "delete_valorrecaudado"}}, {"model": "auth.permission", "pk": 112, "fields": {"name": "Can view valor recaudado", "content_type": 28, "codename": "view_valorrecaudado"}}, {"model": "auth.permission", "pk": 113, "fields": {"name": "Can add caja", "content_type": 29, "codename": "add_caja"}}, {"model": "auth.permission", "pk": 114, "fields": {"name": "Can change caja", "content_type": 29, "codename": "change_caja"}}, {"model": "auth.permission", "pk": 115, "fields": {"name": "Can delete caja", "content_type": 29, "codename": "delete_caja"}}, {"model": "auth.permission", "pk": 116, "fields": {"name": "Can view caja", "content_type": 29, "codename": "view_caja"}}, {"model": "auth.permission", "pk": 117, "fields": {"name": "Can add sesion caja", "content_type": 30, "codename": "add_sesioncaja"}}, {"model": "auth.permission", "pk": 118, "fields": {"name": "Can change sesion caja", "content_type": 30, "codename": "change_sesioncaja"}}, {"model": "auth.permission", "pk": 119, "fields": {"name": "Can delete sesion caja", "content_type": 30, "codename": "delete_sesioncaja"}}, {"model": "auth.permission", "pk": 120, "fields": {"name": "Can view sesion caja", "content_type": 30, "codename": "view_sesioncaja"}}, {"model": "auth.permission", "pk": 121, "fields": {"name": "Can add Cierre Sesion Caja", "content_type": 31, "codename": "add_cierresesioncaja"}}, {"model": "auth.permission", "pk": 122, "fields": {"name": "Can change Cierre Sesion Caja", "content_type": 31, "codename": "change_cierresesioncaja"}}, {"model": "auth.permission", "pk": 123, "fields": {"name": "Can delete Cierre Sesion Caja", "content_type": 31, "codename": "delete_cierresesioncaja"}}, {"model": "auth.permission", "pk": 124, "fields": {"name": "Can view Cierre Sesion Caja", "content_type": 31, "codename": "view_cierresesioncaja"}}, {"model": "auth.permission", "pk": 125, "fields": {"name": "Can add Cargo", "content_type": 32, "codename": "add_cargo"}}, {"model": "auth.permission", "pk": 126, "fields": {"name": "Can change Cargo", "content_type": 32, "codename": "change_cargo"}}, {"model": "auth.permission", "pk": 127, "fields": {"name": "Can delete Cargo", "content_type": 32, "codename": "delete_cargo"}}, {"model": "auth.permission", "pk": 128, "fields": {"name": "Can view Cargo", "content_type": 32, "codename": "view_cargo"}}, {"model": "auth.permission", "pk": 129, "fields": {"name": "Can add Lead", "content_type": 33, "codename": "add_lead"}}, {"model": "auth.permission", "pk": 130, "fields": {"name": "Can change Lead", "content_type": 33, "codename": "change_lead"}}, {"model": "auth.permission", "pk": 131, "fields": {"name": "Can delete Lead", "content_type": 33, "codename": "delete_lead"}}, {"model": "auth.permission", "pk": 132, "fields": {"name": "Can view Lead", "content_type": 33, "codename": "view_lead"}}, {"model": "auth.group", "pk": 1, "fields": {"name": "Administrativo", "permissions": [1, 2, 3, 4, 73, 74, 75, 76, 25, 26, 27, 28, 69, 70, 71, 72, 65, 66, 67, 68, 61, 62, 63, 64, 57, 58, 59, 60, 29, 30, 31, 32, 53, 54, 55, 56, 49, 50, 51, 52, 33, 34, 35, 36, 45, 46, 47, 48, 41, 42, 43, 44, 37, 38, 39, 40, 9, 10, 11, 12, 5, 6, 7, 8, 13, 14, 15, 16, 17, 18, 19, 20, 21, 22, 23, 24]}}, {"model": "auth.group", "pk": 2, "fields": {"name": "Docente", "permissions": []}}, {"model": "auth.group", "pk": 3, "fields": {"name": "Alumno", "permissions": []}}, {"model": "auth.user", "pk": 1, "fields": {"password": "pbkdf2_sha256$600000$sgRtvj51tm0oSF21NbUiYl$YNNrKXiEWScbuVnVuJJYhr9XfdBbZJaUMyGt+udwOys=", "last_login": "2023-04-30T20:41:45.798Z", "is_superuser": true, "username": "admin", "first_name": "", "last_name": "", "email": "jidrovoc@unemi.edu.ec", "is_staff": true, "is_active": true, "date_joined": "2023-04-19T01:42:47Z", "groups": [1], "user_permissions": []}}, {"model": "auth.user", "pk": 2, "fields": {"password": "pbkdf2_sha256$600000$E6x1JgtAfIln9QiUP26UDQ$wiUAfpNY5+jeDpsJ4gJ5+NtxtPdF3lI9SUg1HBr02rE=", "last_login": "2023-05-02T14:49:56.318Z", "is_superuser": false, "username": "johnalfredo", "first_name": "", "last_name": "", "email": "jidrovoc@unemi.edu.ec", "is_staff": false, "is_active": true, "date_joined": "2023-04-21T01:20:53Z", "groups": [1, 2], "user_permissions": []}}, {"model": "auth.user", "pk": 3, "fields": {"password": "pbkdf2_sha256$600000$eoEHdh4tXZ30e8WZc7FeAH$D6Lsc3d5EZfwYDSzACJx4gXTHK22ZlHjG92QKluuRUs=", "last_login": "2023-04-28T21:12:56.728Z", "is_superuser": false, "username": "samuelaaron", "first_name": "", "last_name": "", "email": "sveram@unemi.edu.ec", "is_staff": false, "is_active": true, "date_joined": "2023-04-21T13:42:18.337Z", "groups": [3], "user_permissions": []}}, {"model": "auth.user", "pk": 4, "fields": {"password": "pbkdf2_sha256$600000$H0viZgcqbVfPibHsarKkfH$/ym6PONFUfktWMoOk4logEI3bXOLqOkIEUOVgUA5jZk=", "last_login": null, "is_superuser": false, "username": "s", "first_name": "", "last_name": "", "email": "DS@nem.com", "is_staff": false, "is_active": true, "date_joined": "2023-04-28T17:28:47.049Z", "groups": [2], "user_permissions": []}}, {"model": "contenttypes.contenttype", "pk": 1, "fields": {"app_label": "admin", "model": "logentry"}}, {"model": "contenttypes.contenttype", "pk": 2, "fields": {"app_label": "auth", "model": "permission"}}, {"model": "contenttypes.contenttype", "pk": 3, "fields": {"app_label": "auth", "model": "group"}}, {"model": "contenttypes.contenttype", "pk": 4, "fields": {"app_label": "auth", "model": "user"}}, {"model": "contenttypes.contenttype", "pk": 5, "fields": {"app_label": "contenttypes", "model": "contenttype"}}, {"model": "contenttypes.contenttype", "pk": 6, "fields": {"app_label": "sessions", "model": "session"}}, {"model": "contenttypes.contenttype", "pk": 7, "fields": {"app_label": "administrativo", "model": "alumno"}}, {"model": "contenttypes.contenttype", "pk": 8, "fields": {"app_label": "administrativo", "model": "genero"}}, {"model": "contenttypes.contenttype", "pk": 9, "fields": {"app_label": "administrativo", "model": "persona"}}, {"model": "contenttypes.contenttype", "pk": 10, "fields": {"app_label": "administrativo", "model": "tiempoantesrecordatoriocorreo"}}, {"model": "contenttypes.contenttype", "pk": 11, "fields": {"app_label": "administrativo", "model": "rubro"}}, {"model": "contenttypes.contenttype", "pk": 12, "fields": {"app_label": "administrativo", "model": "personaperfil"}}, {"model": "contenttypes.contenttype", "pk": 13, "fields": {"app_label": "administrativo", "model": "pago"}}, {"model": "contenttypes.contenttype", "pk": 14, "fields": {"app_label": "administrativo", "model": "modulo"}}, {"model": "contenttypes.contenttype", "pk": 15, "fields": {"app_label": "administrativo", "model": "factura"}}, {"model": "contenttypes.contenttype", "pk": 16, "fields": {"app_label": "administrativo", "model": "documentos"}}, {"model": "contenttypes.contenttype", "pk": 17, "fields": {"app_label": "administrativo", "model": "docente"}}, {"model": "contenttypes.contenttype", "pk": 18, "fields": {"app_label": "administrativo", "model": "cargodocente"}}, {"model": "contenttypes.contenttype", "pk": 19, "fields": {"app_label": "administrativo", "model": "accesomodulo"}}, {"model": "contenttypes.contenttype", "pk": 20, "fields": {"app_label": "administrativo", "model": "periodo"}}, {"model": "contenttypes.contenttype", "pk": 21, "fields": {"app_label": "administrativo", "model": "curso"}}, {"model": "contenttypes.contenttype", "pk": 22, "fields": {"app_label": "administrativo", "model": "tipootrorubro"}}, {"model": "contenttypes.contenttype", "pk": 23, "fields": {"app_label": "administrativo", "model": "detallemodeloevaluativo"}}, {"model": "contenttypes.contenttype", "pk": 24, "fields": {"app_label": "administrativo", "model": "modeloevaluativo"}}, {"model": "contenttypes.contenttype", "pk": 25, "fields": {"app_label": "administrativo", "model": "cuotascurso"}}, {"model": "contenttypes.contenttype", "pk": 26, "fields": {"app_label": "administrativo", "model": "notainscrito"}}, {"model": "contenttypes.contenttype", "pk": 27, "fields": {"app_label": "administrativo", "model": "inscritocurso"}}, {"model": "contenttypes.contenttype", "pk": 28, "fields": {"app_label": "administrativo", "model": "valorrecaudado"}}, {"model": "contenttypes.contenttype", "pk": 29, "fields": {"app_label": "administrativo", "model": "caja"}}, {"model": "contenttypes.contenttype", "pk": 30, "fields": {"app_label": "administrativo", "model": "sesioncaja"}}, {"model": "contenttypes.contenttype", "pk": 31, "fields": {"app_label": "administrativo", "model": "cierresesioncaja"}}, {"model": "contenttypes.contenttype", "pk": 32, "fields": {"app_label": "administrativo", "model": "cargo"}}, {"model": "contenttypes.contenttype", "pk": 33, "fields": {"app_label": "administrativo", "model": "lead"}}, {"model": "sessions.session", "pk": "19biu9dgfrzzmqhzpr5ndbo5qjgu9ops", "fields": {"session_data": ".eJxVjkFuwyAQRe8ya8uBBOw4uzarSPUJUgsNZojdEqjArKrevdBm0e7mz3_zNJ-gMG-LyomiWg2cgEPzd6dxfidfC_OG_hbaOfgtrrqtSPtoUzsGQ-75wf4TLJiWcr0fhB4MMS606JhhM0p9GHpp0Vqjj5YJy3uJfI_cHkxHfWeOUlInBuqJuCxSt6YNVY5OxbwhnK5X2JX1xa_zGmBqSizPWZUKR3dMu3sw2YVUofE1M1bENf-ijtD8VC91gGlq4INiCr6Y4fw0wtc3GNtc8A:1psWEb:hzPBs4XsesAciO6p2OUVQtr_c16kFkw-6t9pocQqNsk", "expire_date": "2023-04-28T23:06:33.937Z"}}, {"model": "sessions.session", "pk": "1hfc28faue30m85xjazpd520zw7xa373", "fields": {"session_data": ".eJxVjMFugzAQRP9lz4jgYEPIrc0ph3wBQtaaXQenyK5sfKr67zUSh-Y4b97MD2jM26Jz4qgdwRUEVP-ZwfmL_V7QC_0z1HPwW3Sm3pX6aFP9CMTr5-G-HSyYlrI-D9IMxI2QRnYNNTMq0w69smgtmYttpBW9QnFGYVvquO_oohR3cuCeWahyurq0oc5x1TFvCNdxhFPBd-9mF2CqSvzm6AKFHd9yTCHBNFVQaAq-LOD28YDfP2XfT5s:1prOZy:d17hkhz0sZeL__grln9jyETMuicH2rdC6dlYij4nguA", "expire_date": "2023-04-25T20:43:58.859Z"}}, {"model": "sessions.session", "pk": "21w4f20vnrtugtdq397oqjpum0ku0xe0", "fields": {"session_data": ".eJxVjLsOwiAYRt-F2SC0UIqjm4NP0DTk51KLNpBwmYzvLk066HrO-b43UlDLqmp2SXmLLqhHp1-mwbxc2IV9QnhEbGIoyWu8J_iwGd-jddv1aP8OVshrW7OOQSfGYdGEDJIRQaUeZUfI4jhxPRWSLs5KRo1w3ECLGWcD5doKYHpk7XTzuYCqaVOpFkCXaULnhm_BGx_RPH--wvpCIw:1ppt2o:xhQ3Rp__-d2GYQi8CQWdpGRohfvVfHFvqqnbcz4gNGQ", "expire_date": "2023-04-21T16:51:30.264Z"}}, {"model": "sessions.session", "pk": "2p1v2sks7eueis3nh9e9hruk7qr6e1ho", "fields": {"session_data": ".eJxVjMtOwzAQRX8l8roKnTQP0iVIlbpgBbuqssb2mLhEdmXHGxD_jh1HCHZzz7lzvxjHuEw8BvLcKHZkDdv9ZQLlB9ks1A3tu6uls4s3os6VerOhfnGK5qet-29gwjClb9Ja942CoZMEj3vEHkAfml4QiEPbahhHGmDfjoC6G8UgBtBS9tTJDgg0pdHZhAV59DP3cUF2vFzYQ8Jna6Rx7LpLMVAwzkq8YTava6JQZVAK-QrZPf8ibSzaz0JP213MYu7OR-Hd6t5SqhRVhZTGnbxxyq2D0YeMr98_XNxvmg:1pr3yA:gf0s2piNVUuxB7vyF78Pj_cpip4d-t01hk7thTW92Lw", "expire_date": "2023-04-24T22:43:34.564Z"}}, {"model": "sessions.session", "pk": "5dn03m1z8jlr2e0kukkjl6uh4fanxp9u", "fields": {"session_data": ".eJx1kU9r3DAQxb-K0dm4sq31nz01zaG0dKFQ6CUNZmyNd5XKkhlZe2jY796RG0pS6E3M783T09OzGCBulyEGpMFocRS1yF_PRph-oktAP4E7-2LybiMzFklSvNBQnLxG--FF-8bgAuHC26pSULVdM49SNr2SbdmPXV9JOeNBYl22fTmj7lU5tXiYgMXqoJryMOoW1NgpNrUmbDBEsgPFDcTx4UG84_EnZybjxeNjLlak4B2jZ5HeUuWCN7YYxHGjiLmIIQKx9ljnwvllJGQkvsES0WZ3QN6xH6xordE-oe9IkJ2ANuPwFzNcwFiehyuD5X10uJgCdSxwYjrxyfLtQvZV36pG9anMDS3O3vlh8dd9WfZZ13VZ25VvMBd7RcdPcbCrVJW1ZZXVTcOqMzokDl7mQhvCKclYdHctss8RXPYRaPoRpUQN2Rc8A2ngLcIZKXmmUF89ZfzMe9ijmqgh_erJWDiz842TmNVzg3MKWe9l8nFYybDBmjL9p9W_rTMxgRf8jMGTOM5gA-4z0Itx_H0E-h9g4-L8H6fb7TfQWNX_:1psQoa:v6431PAxtWmRQjcT779g6Vcz36ejv5AwljmcP8DRWow", "expire_date": "2023-04-28T17:19:20.544Z"}}, {"model": "sessions.session", "pk": "5mgimhyzm4bi9bjhcazpo02ko38ecnek", "fields": {"session_data": ".eJxVjsFuwyAQRP-Fc-RADHacY9RLDvmCxEILu9SkDkgGTlH-vbj1ob3tzLwdzYtpKHnSJdGiPbITE2z31zNgvyisAT4gfMbGxpAXb5oVabY0NdeINJ839l_BBGmq34dBmgGJC2lkx5FbUKYdeuXAOTRHx6UTvQJxAOFa7Kjv8KgUdXKgnkioWjr7lEGXZdZLycBOtxvbV_sSvPWRjbsq6zinU-XoCWn_jFjmmFboei-c1-JV_6IYLYVMP-nHdrNxfH8DjfVa0Q:1ppfTP:51z4hiQLTOMALmuOECwFogFsCYClvn0nvDUnO6YrPmE", "expire_date": "2023-04-21T02:22:03.582Z"}}, {"model": "sessions.session", "pk": "8ewkdd2s8aedrcf8hurwtvfa0as6i25w", "fields": {"session_data": ".eJxVjjFvwyAUhP-KxWy5JgE7zpZGipQhU7tFkfUwj5rUhQjM0qr_vWCsqt3uvrt38EV6CPPYB4-u15LsCSXlXyZgeEeTAnkH82arwZrZaVGlSrWmvrpYidPz2v03MIIf4_WmY6KTWFMmWFPLegAutl3LFSglxU7VTNGWA90AVVvZYNvIHefYsA5bRMrj6KT9DH1wU-_CDGR_vZKniM9GD9qSWxmtR6-tGeAOKXlZHPoigVxIyqfs-ItgCh_GLvCQZeazflgXhMvRa3SFxCKT3FDagPnMe6dV5-SBTltpl4eC8-ngVpJIvTXx5-R4uJDvH6kfe_8:1prMVQ:nPg0tQ8-y-Vi-TjPB5RE5SY86DaWiPcouyzAF2OMLtU", "expire_date": "2023-04-25T18:31:08.177Z"}}, {"model": "sessions.session", "pk": "8q1ar3a4q2abmw5xg9gpnp4x4yn6cvqc", "fields": {"session_data": ".eJxVjMsOgjAURP-la4IUWl5LXbnwCwhpbrm3UiXUtHRl_HdLwkKXc-bMvJmCuM0qBvLKIusZZ9kv0zA9ad0LfMB6d_nk1s1bne9KfrQhvzmk5Xy4fwczhDmty07oDqngQou6wGICqauukQaMQd2aQhjeSOAlcFNhTU2NrZRUi44aIi7T6WLDBir6Rfm4AeuHgZ0Svq52so6NWYov8tah2_El-uACG8fPF49qSuQ:1ppyyQ:VpQjmMR220_i141IKJUpFxK6-Vds2WwDmbI4GbrIDcA", "expire_date": "2023-04-21T23:11:22.833Z"}}, {"model": "sessions.session", "pk": "a07k8tuip6a54ygvvflkhvr06lsi1wh6", "fields": {"session_data": ".eJxVjLsOwiAYRt-F2SC0UIqjm4NP0DTk51KLNpBwmYzvLk066HrO-b43UlDLqmp2SXmLLqhHp1-mwbxc2IV9QnhEbGIoyWu8J_iwGd-jddv1aP8OVshrW7OOQSfGYdGEDJIRQaUeZUfI4jhxPRWSLs5KRo1w3ECLGWcD5doKYHpk7XTzuYCqaVOpFkCXaULnhm_BGx_RPH--wvpCIw:1pqJSM:poPNxCbnBAHb-xGsmfdE5YWf-n5PE_RaM9J3tWOg41c", "expire_date": "2023-04-22T21:03:38.488Z"}}, {"model": "sessions.session", "pk": "aqc5q0ze2q7so15zmo2rrf8v048csysr", "fields": {"session_data": ".eJxVjD2PwjAQRP8Kco1yMdgJoYSKgo4uiqx1dn3xXZRF_qjQ_fdzFIq7ct6bmZcwkNNkcqRgPIqzkGL_l1kYv2lZBX7B8snVyEsK3lZrpXrbWN0Zab68u_8OJohTWR86ZTukWiqrmhrrEbQ9dq124Bzak6uVk60GeQDpjthQ2-BJa2pURy2R1OV09jGByWE2IScQ574XHwXfFj96FsO-xCcFz8grvuYQOW44-SeHbAPH1TxK2iHtNiKG4ecXQ3ZWdQ:1pqNR1:ZB7uSsoZg49MBHBK7yS-IRg9O3_UlAI7ph7vt_PJ6f0", "expire_date": "2023-04-23T01:18:31.838Z"}}, {"model": "sessions.session", "pk": "cieus8sf6kl1uj19k00448xin9gv337o", "fields": {"session_data": ".eJx1kU9r3DAQxb-K0dm4sq31nz01zaG0dKFQ6CUNZmyNd5XKkhlZe2jY796RG0pS6E3M783T09OzGCBulyEGpMFocRS1yF_PRph-oktAP4E7-2LybiMzFklSvNBQnLxG--FF-8bgAuHC26pSULVdM49SNr2SbdmPXV9JOeNBYl22fTmj7lU5tXiYgMXqoJryMOoW1NgpNrUmbDBEsgPFDcTx4UG84_EnZybjxeNjLlak4B2jZ5HeUuWCN7YYxHGjiLmIIQKx9ljnwvllJGQkvsES0WZ3QN6xH6xordE-oe9IkJ2ANuPwFzNcwFiehyuD5X10uJgCdSxwYjrxyfLtQvZV36pG9anMDS3O3vlh8dd9WfZZ13VZ25VvMBd7RcdPcbCrVJW1ZZXVTcOqMzokDl7mQhvCKclYdHctss8RXPYRaPoRpUQN2Rc8A2ngLcIZKXmmUF89ZfzMe9ijmqgh_erJWDiz842TmNVzg3MKWe9l8nFYybDBmjL9p9W_rTMxgRf8jMGTOM5gA-4z0Itx_H0E-h9g4-L8H6fb7TfQWNX_:1psVOm:bs7S4jKZzId7932ndWhFa52ExBYtk01Gb1xAAUjhWnI", "expire_date": "2023-04-28T22:13:00.469Z"}}, {"model": "sessions.session", "pk": "ckeoi2ubvpj99tyfi1nvwbbfbeid6ay2", "fields": {"session_data": ".eJxVTrlywyAQ_Rdqjww2SJa7HE0Kf4GjYRbtEpFIkOGoMvn3oEhF0r1794tpKHnSJVHUDtmVCXb4qxkYP8ivBr6DfwvNGHyOzjRrpNnd1NwC0vy4Z_8NTJCm2j710vRIXEgjW458BGXOfacsWIvmYrm0olMgTiDsGVvqWrwoRa3sqSMSqo7OLmXQJc46lgzser-zY5VfvBtdYMOh0k-KLmBY5acSU0ibXH-2OtU6LZCOS8Ayh7SGbq-F83pv5VsUw0g-06_7vOPNgbksfqs9bJANw_cPfdxqDA:1pqJNX:6v3y_tCOrxsOPl2aqH-l4tH-f-3yolhWNMCsL6Rb8UU", "expire_date": "2023-04-22T20:58:39.708Z"}}, {"model": "sessions.session", "pk": "cxe0nf5i621zpz7wydr5tqjbge2wknys", "fields": {"session_data": ".eJxVjMsOgjAURP-la4IUWl5LXbnwCwhpbrm3UiXUtHRl_HdLwkKXc-bMvJmCuM0qBvLKIusZZ9kv0zA9ad0LfMB6d_nk1s1bne9KfrQhvzmk5Xy4fwczhDmty07oDqngQou6wGICqauukQaMQd2aQhjeSOAlcFNhTU2NrZRUi44aIi7T6WLDBir6Rfm4AeuHgZ0Svq52so6NWYov8tah2_El-uACG8fPF49qSuQ:1ppwqK:RJiiFrBBKrOwbrtsvyRu4LzJBe8ZUv2Z8a7oP62BGfY", "expire_date": "2023-04-21T20:54:52.318Z"}}, {"model": "sessions.session", "pk": "edkv6yoe7086d4ad6rnx7ebk7nvrm2us", "fields": {"session_data": ".eJxVjc1OwzAQhN9lz1GIWztpeoMiJA59giqy1vaaGCIb-ecC4t1xwAe4zc43M_sJEkteZUkUpTNwBgbdX0-hfiO_A_OK_iX0Ovgcner3SN9o6q_B0PbQsv8GVkxrbR9mrmZDA-OKj4MZNAp1nCdh0VqjTnbglk0C2QGZPZqRptGchKCRzzQRMVFHN5cyyhI3GUtGON9ucFftZ--0C7B09TRBk8-Udv-x6V_yTtEFE3ZwKTGFZlvn0X_gT-GpaViWDmo-BV-_wOX-Cl_fYeFgpQ:1pstE3:XEndNU0x0QQg1fWANMIdO2g8NGKFLxUJrwdQzHmC0Pw", "expire_date": "2023-04-29T23:39:31.431Z"}}, {"model": "sessions.session", "pk": "fhoan0f2s5uk9x75mhhct7uavayjreaf", "fields": {"session_data": ".eJxVjsFuwyAQRP-Fc-RADHacY9RLDvmCxEILu9SkDkgGTlH-vbj1ob3tzLwdzYtpKHnSJdGiPbITE2z31zNgvyisAT4gfMbGxpAXb5oVabY0NdeINJ839l_BBGmq34dBmgGJC2lkx5FbUKYdeuXAOTRHx6UTvQJxAOFa7Kjv8KgUdXKgnkioWjr7lEGXZdZLycBOtxvbV_sSvPWRjbsq6zinU-XoCWn_jFjmmFboei-c1-JV_6IYLYVMP-nHdrNxfH8DjfVa0Q:1ppbVD:Wa5bPsF6qh4ZpSf-bK7AFQrv9o44MB5DmYKQUJdkapY", "expire_date": "2023-04-20T22:07:39.381Z"}}, {"model": "sessions.session", "pk": "glrx3kyma3ony9pb6770x05ac5e1twh8", "fields": {"session_data": ".eJxVjLEOgyAURf-FubE-FaiO3Tr0C4whD3hUWgMJwtT036uJQ7uec-59M4Ulz6qslJS3bGANO_0yjeZFYRf2ieERKxNDTl5Xe1Iddq3u0dJyPdq_gxnXeVuTc040FiQ3BJcaUQC4thGaQLdd56DvSULd9YCO91pqCc4YQdxwIHC0nS5-zahKWlQqGdkwjuy84Vvwxkc2TZ8vNzVDow:1pr1Uz:qyhj2IApDWps1qRFJA7X_7rFxS0EHZRbupF067vUVaY", "expire_date": "2023-04-24T20:05:17.463Z"}}, {"model": "sessions.session", "pk": "ifvjd403svsoj6qnkppz5c9z7f8mmyva", "fields": {"session_data": ".eJxVjMsOgjAURP-la4IUWl5LXbnwCwhpbrm3UiXUtHRl_HdLwkKXc-bMvJmCuM0qBvLKIusZZ9kv0zA9ad0LfMB6d_nk1s1bne9KfrQhvzmk5Xy4fwczhDmty07oDqngQou6wGICqauukQaMQd2aQhjeSOAlcFNhTU2NrZRUi44aIi7T6WLDBir6Rfm4AeuHgZ0Svq52so6NWYov8tah2_El-uACG8fPF49qSuQ:1ppwAS:7sHvsGmEyGzHZ6K8Zo8aMTYWtzMbETBKtNG6H-d832c", "expire_date": "2023-04-21T20:11:36.424Z"}}, {"model": "sessions.session", "pk": "m5p87mg3egix23rss4s48v5qi07qwz2g", "fields": {"session_data": ".eJx1Ustu2zAQ_BWBZ0EVZT0sn5oGSJGgOfWYGsKKXNp0KFIgRR0a-N-7VN0iOeRGzswOd2f5xgaIy3mIAf2gJTuwiuXvsRHEK9pEyAvYkyuEs4vXY5EkxY0NxbOTaL7dtB8MzhDOVI1KqbaSvGsE8n0J0HKudlU7Ih93da1432PHy7rnoJp-7MaOKyFabETDkSskU6PDAkP0ZvBxAXZ4eWFfCH60WmjHjjldAwbtrIALJObndsOQJeCvQGkL9jeERD_czux4zNmMPjhLrm8sxcBzRo8tMbDD4iPmLIYInp45VDmzbho9EsWe3Nlmd0Z5lI4cYUZjtHSJepTerS67h2l2K3qZJsAJtCHuojdSfI0WJ12gjAUK4gWdDPXAyr7m3Z53VUvoggaVs26Y3LqVl33W8jbbNdX-PU2bWdFSFhY2VV1lvKoySrcm2QkterdNJrVHkXSkuluL7CmCzb6DF79iWaKE7AeewEugKo8KfTJNXd2n1QodJaT_8KwNnMjxSi3o2VGAKnXHtyzpOMxeU-Gcmvkk1P-hE6MDFTiFwfl_NEEgJ21p7x7kR9zEydI0CkzA6_UPt7Xqog:1ptEKg:nsOC5Bakwcpo29WRhyMTLDRNC5Q5vyGvCP84UlovLSs", "expire_date": "2023-04-30T22:11:46.157Z"}}, {"model": "sessions.session", "pk": "ml7jqtgwhxezj6701vg9czdlb3mywquo", "fields": {"session_data": ".eJxVkEtvwyAQhP9KxDlyITF2nFsfqtRDbr2lFlrMEtPaEPG4tOp_Lw6u1N525psdLXwRASmOIgX0wihyJIxs_3oShg-0C1DvYC-uGpyN3shqiVQrDdXJKZwe1uy_ghHCmLd3XS07hZTVsm6oogNwue9arkFrJQ-a1pq1HNgOmN6rBttGHTjHpu6wRWQ8l04mRBDJT8KnCOR4PpO7bL9YMxhH-m2W0VydT9K7sJDXrDYKN8UpiSt645Rb8GPy4deGKc22bN2XsfjKDWgj3sDTOheijQX7CTfyvM6F5B_SIuRjcc54dipNpfn0lijNr1s06fvvH5b_fic:1pqx2p:28SRDGxnmtogAzQIqWJS_cPDgrvKkucL_mAUaceuXvo", "expire_date": "2023-04-24T15:19:55.704Z"}}, {"model": "sessions.session", "pk": "orxmqu5r5mwgp9alib8fjrri7gtsqptl", "fields": {"session_data": ".eJx1Uctu2zAQ_BWBZ0EVZVmyfErqQ5Gg-YLUEFbk0mZKcQVS1CXwv3dppEVy6I2cx2J29l2MkNbrmCKG0WpxFI0oP2MTqN_oM6HfwF-oUuTXYKcqS6oPNlYvpNF9_9B-GXCFeGU3GmO6Rst-r1AeaoBOSrNrugnltGtbI4cBe1m3gwSzH6Z-6qVRqsO92kuUBnmos3GFMQU3hrSCOL6-im8MP3mrLIlzyd8FgyVNGT6lECmK87kUjEby7HgXeUVZCh60piiOa0hYihQTsE8cm1J4mqeATIlnuvri0ZmAmngeLOic1ZSpJx1oo-IE80IbBp3T4QzWMfdm76R6SB5nW6FOFSrmFb8cZxD10Mr-IPumY3RFh4Y8jTNtd3s9FJ3sit2-OXymufUNPe_p4a5qm0I2TcHNtSy7oMdA9820DaiyjlWPW1U8J_DFDwjqV6pr1FD8xAsEDewKaDDkoTnVKZ9N2aQh3_rFOrjwxBtHsAtxgSank_cu-TkuwbJxyWH-U-q_0pmxkQ1kMFL4SzMEeraebxpAf8Vdmj1vY8BFvN3-AP2u3nE:1psTxS:7x1uF_nfijSiA6AswhgSGRmzpN6XiLuLu1rv6-pz3R4", "expire_date": "2023-04-28T20:40:42.825Z"}}, {"model": "sessions.session", "pk": "pdaobzc7q9qmzymrx9wpvgm9owntcye6", "fields": {"session_data": ".eJxVjL0OgjAUhd-lM0GKLQibOjn4BIY0t9xbqWJrWjoZ310IDrqd852fF1OQpkGlSEFZZC3jLPtlGvo7uSXAG7irz3vvpmB1vlTybxrzs0caD9_u38EAcZjXZSN0g1RwoUVVYNGD1NumlgaMQb0zhTC8lsBL4GaLFdUV7qSkSjRUE3E5n442TqBSGFVIE7D2cmGbGZ-c7a1nXTbbJwXr0S_4mEL0ccUwpofzccH7VbKue38A7rJSuA:1ppv3g:-sWIrn3SaNkjn0jxrNarhRYgw6l-aITt4WFiG4NLRXw", "expire_date": "2023-04-21T19:00:32.837Z"}}, {"model": "sessions.session", "pk": "q0v31l2ir9ibfwij6xh6wdb6nbsm9ygs", "fields": {"session_data": ".eJxVjjESwiAQRe9C7UQwkBhLrSw8gTrMkl0MGoMDoXK8uzBaaPn_e_tnn0xDmgedIgXtkG2YYIvfzkB_o6kAvMJ08VXvpzk4UxWl-tJYHTzSuP26fwMDxCFfrzppOiQupJENR96DMnXXKgvWollbLq1oFYgVCFtjQ22Da6WokR21RELl0dHFGXQKow5pBrY5Htky1_vJ9c6z8yLH_JzVMXt0h7i8e0yjj0U6nBLnebjkj_qg4Dz6AncpxFKfX29-Ylm4:1ppsep:uKNlgAEaD1h6INW-yLnD2ogaHLcV539ACs5ZWOdk1f4", "expire_date": "2023-04-21T16:26:43.075Z"}}, {"model": "sessions.session", "pk": "qe0vg27s5tm7d8o809w58aib2p2omak9", "fields": {"session_data": ".eJxVjMsOgjAURP-la4IUWl5LXbnwCwhpbrm3UiXUtHRl_HdLwkKXc-bMvJmCuM0qBvLKIusZZ9kv0zA9ad0LfMB6d_nk1s1bne9KfrQhvzmk5Xy4fwczhDmty07oDqngQou6wGICqauukQaMQd2aQhjeSOAlcFNhTU2NrZRUi44aIi7T6WLDBir6Rfm4AeuHgZ0Svq52so6NWYov8tah2_El-uACG8fPF49qSuQ:1pqIoE:NBmZcqO9IH8Yaw3DOwFKeENf0rMj_FBBAmYK8UD4dyw", "expire_date": "2023-04-22T20:22:10.134Z"}}, {"model": "sessions.session", "pk": "qvfopo7220wji5vfy7o6exl2ac5ugrr2", "fields": {"session_data": ".eJxVjLsOwiAYhd-FuamlhV7cdHPwCZqG_JQfiyIkUCbju0tjB93O-c7lRQSkdREpYhBGkSOhpPhlEuYHui1Qd3A3X87ercHIcquUexrLq1doz3v372CBuOR1PTA5KKwok6ytVDUDl83QcQ1aK9nrimnacaA1UN2oFrtW9ZxjywbsECnPp9bEFUQKVoS0AjmOIzlkfHFmNp5MRbZg09P5uOHTV5Jpen8A20pLUQ:1ppr4T:9Ns3OXowX_2kyGrkxWDfJeYb1jBDo6sZLvylHY3UeU8", "expire_date": "2023-04-21T14:45:05.377Z"}}, {"model": "sessions.session", "pk": "slkjcsbxsr0tnjymfds8zdq5nj4aunpa", "fields": {"session_data": ".eJx1Uk1v2zAM_SuGzoYXOY5d57QuwIYW62nHrjBoiUqUyaIhWTmsyH8f5WZDe9iNeh8U-aRXMUBaTkOKGAarxV7UonyPjaB-oc-EPoM_UqXIL8GOVZZUNzZWT6TRfblpPzQ4QTyxG40xba1lt1Mo7zYArZRmW7cjynHbNEb2PXZy0_QSzK4fu7GTRqkWd2onURrkps7GBYYU3BDSAmL__Cw-MfzgrbIkXko-GuvB_4aY8a-3-o2JGC15BWfI3I_1hLHIwJtgxmBJU2YPKURi30spGI3k-bJXkdORpeAZlhTFfgkJS5FiAvaJfV0KT9MYkCnxSCdf3DsTUBP3gxmds5oy9aADXag4wDTTBYPOi-EE1jF3tiupPiePk61QpwoV84orxzOITd_I7k52dcvogg4NeRomuqz2TV-0si22u_ruPc0PdkHPEXlYVU1dyLouOPSGZUf0GGjdTNuAKutYdX-piscEvvgGQf1Mmw1qKL7jEYIGdgU0GHLTPNUhv7iySUP-Jk_WwZE7XnkEOxMHaPJ0cs2Sy2EOlo1zHuY_of4LnRkb2UAGI4W_NEOgJ-v5OwTQH3GXJs_bGHARr9c_x5DyCQ:1psS91:Myn2UScrQZTCycvbcj6M_wHAFniCY-lqcUjbPLzTzgY", "expire_date": "2023-04-28T18:44:31.519Z"}}, {"model": "sessions.session", "pk": "sz5x4328lqwaeverb21p71zwjmyndgvi", "fields": {"session_data": ".eJxVjMFugzAQRP9lz4jgYEPIrc0ph3wBQtaaXQenyK5sfKr67zUSh-Y4b97MD2jM26Jz4qgdwRUEVP-ZwfmL_V7QC_0z1HPwW3Sm3pX6aFP9CMTr5-G-HSyYlrI-D9IMxI2QRnYNNTMq0w69smgtmYttpBW9QnFGYVvquO_oohR3cuCeWahyurq0oc5x1TFvCNdxhFPBd-9mF2CqSvzm6AKFHd9yTCHBNFVQaAq-LOD28YDfP2XfT5s:1prP3N:2ClbF679RmcWCUXuJRTa9j8M0jv9nUUaLZoyNEiql0c", "expire_date": "2023-04-25T21:14:21.953Z"}}, {"model": "sessions.session", "pk": "x76sdux7l3366gnepmdxvfpm0ykseg6v", "fields": {"session_data": ".eJxVjLEOgyAURf-FuaFSQcSxW4d-gTHkwXtUWgMJ6tT036uJQ7uec-59MwvrMtp1pmIjso4JdvplDvyL0i7wCemRuc9pKdHxPeGHnfk9I03Xo_07GGEet_XFSGeQKiGdbCqsPChXG60ChICuDZUMQisQFxChxoZ0g61S1EhDmkio7XSK8wJ2LZMt6wKs63t23vAtRR8zG4bPFy25Q30:1powsQ:03R3wCLpyAQmYG93iW8HjSNvvqXCP8Js1HYQ9xhm32E", "expire_date": "2023-04-19T02:44:54.556Z"}}, {"model": "sessions.session", "pk": "y3e0qyr3e81feca97f2agac5vj00nhax", "fields": {"session_data": ".eJxVjLEOgyAURf-FubE-FaiO3Tr0C4whD3hUWgMJwtT036uJQ7uec-59M4Ulz6qslJS3bGANO_0yjeZFYRf2ieERKxNDTl5Xe1Iddq3u0dJyPdq_gxnXeVuTc040FiQ3BJcaUQC4thGaQLdd56DvSULd9YCO91pqCc4YQdxwIHC0nS5-zahKWlQqGdkwjuy84Vvwxkc2TZ8vNzVDow:1pr0TA:-2GQ0-JBeUE0-6UYG30-mGGKVQk0bImCrV1MmHZDU0Y", "expire_date": "2023-04-24T18:59:20.116Z"}}, {"model": "sessions.session", "pk": "z0xu681db2ow1542x3436eafeok74s1c", "fields": {"session_data": ".eJx1Ustu2zAQ_BWBZ0EVZT0sn5oGSJGgOfWYGsKKXNp0KFIgRR0a-N-7VN0iOeRGzswOd2f5xgaIy3mIAf2gJTuwiuXvsRHEK9pEyAvYkyuEs4vXY5EkxY0NxbOTaL7dtB8MzhDOVI1KqbaSvGsE8n0J0HKudlU7Ih93da1432PHy7rnoJp-7MaOKyFabETDkSskU6PDAkP0ZvBxAXZ4eWFfCH60WmjHjjldAwbtrIALJObndsOQJeCvQGkL9jeERD_czux4zNmMPjhLrm8sxcBzRo8tMbDD4iPmLIYInp45VDmzbho9EsWe3Nlmd0Z5lI4cYUZjtHSJepTerS67h2l2K3qZJsAJtCHuojdSfI0WJ12gjAUK4gWdDPXAyr7m3Z53VUvoggaVs26Y3LqVl33W8jbbNdX-PU2bWdFSFhY2VV1lvKoySrcm2QkterdNJrVHkXSkuluL7CmCzb6DF79iWaKE7AeewEugKo8KfTJNXd2n1QodJaT_8KwNnMjxSi3o2VGAKnXHtyzpOMxeU-Gcmvkk1P-hE6MDFTiFwfl_NEEgJ21p7x7kR9zEydI0CkzA6_UPt7Xqog:1ptrOy:Vyj6KXzhxGBTy0vLN6hNQ52KtYb7OCYB4_0CSpIDsK0", "expire_date": "2023-05-02T15:54:48.065Z"}}, {"model": "administrativo.modulo", "pk": 1, "fields": {"usuario_creacion": null, "fecha_creacion": "2023-04-19T01:46:52.148Z", "fecha_modificacion": "2023-04-28T16:34:05.226Z", "usuario_modificacion": 1, "status": true, "nombre": "M¾dulos", "descripcion": "M¾dulos del sistema", "icono": "icono/menu-principal.png", "ruta": "conf_sistemas/modulos/", "activo": true}}, {"model": "administrativo.modulo", "pk": 2, "fields": {"usuario_creacion": null, "fecha_creacion": "2023-04-19T01:47:29.837Z", "fecha_modificacion": "2023-04-28T16:30:25.064Z", "usuario_modificacion": 1, "status": true, "nombre": "Docentes", "descripcion": "Docentes del cam", "icono": "icono/profesor.png", "ruta": "docentes/", "activo": true}}, {"model": "administrativo.modulo", "pk": 3, "fields": {"usuario_creacion": null, "fecha_creacion": "2023-04-19T01:47:49.506Z", "fecha_modificacion": "2023-04-22T19:45:44.351Z", "usuario_modificacion": 1, "status": true, "nombre": "Alumnos", "descripcion": "Alumnos del cam", "icono": "icono/5f5228152437d00004e35716.png", "ruta": "alumnos/", "activo": true}}, {"model": "administrativo.modulo", "pk": 4, "fields": {"usuario_creacion": null, "fecha_creacion": "2023-04-19T01:48:05.539Z", "fecha_modificacion": "2023-04-28T16:31:36.548Z", "usuario_modificacion": 1, "status": true, "nombre": "Cursos", "descripcion": "Cursos a ofertar", "icono": "icono/curso-por-internet.png", "ruta": "periodo/", "activo": true}}, {"model": "administrativo.modulo", "pk": 5, "fields": {"usuario_creacion": 1, "fecha_creacion": "2023-04-22T19:18:47.930Z", "fecha_modificacion": "2023-04-22T19:18:47.930Z", "usuario_modificacion": null, "status": true, "nombre": "Tipo de rubros", "descripcion": "Tipos de rubros para facturar", "icono": "icono/Money-PNG-Transparent-Image.png", "ruta": "tiporubros/", "activo": true}}, {"model": "administrativo.modulo", "pk": 6, "fields": {"usuario_creacion": 1, "fecha_creacion": "2023-04-22T19:46:51.463Z", "fecha_modificacion": "2023-04-28T16:33:04.483Z", "usuario_modificacion": 1, "status": true, "nombre": "Finanzas", "descripcion": "Finanzas", "icono": "icono/finanzas.png", "ruta": "finanzas/", "activo": true}}, {"model": "administrativo.modulo", "pk": 7, "fields": {"usuario_creacion": 1, "fecha_creacion": "2023-04-22T19:47:54.414Z", "fecha_modificacion": "2023-04-28T22:02:15.653Z", "usuario_modificacion": 1, "status": true, "nombre": "Leads", "descripcion": "Personas externas interesadas", "icono": "icono/interesado.png", "ruta": "leads/", "activo": true}}, {"model": "administrativo.modulo", "pk": 8, "fields": {"usuario_creacion": 1, "fecha_creacion": "2023-04-22T19:49:23.945Z", "fecha_modificacion": "2023-04-28T16:32:17.291Z", "usuario_modificacion": 1, "status": true, "nombre": "Recibo de comprobantes", "descripcion": "Comprobantes de pagos por alumnos", "icono": "icono/cheque.png", "ruta": "comprobantes/", "activo": true}}, {"model": "administrativo.modulo", "pk": 9, "fields": {"usuario_creacion": 1, "fecha_creacion": "2023-04-24T14:18:33.035Z", "fecha_modificacion": "2023-04-24T14:18:33.035Z", "usuario_modificacion": null, "status": true, "nombre": "Caja", "descripcion": "Cajas disponibles", "icono": "icono/caja-registradora.png", "ruta": "cajas/", "activo": true}}, {"model": "administrativo.modulo", "pk": 10, "fields": {"usuario_creacion": 1, "fecha_creacion": "2023-04-24T14:19:54.463Z", "fecha_modificacion": "2023-04-24T14:19:54.463Z", "usuario_modificacion": null, "status": true, "nombre": "Sesiones caja", "descripcion": "Sesiones de caja aperturadas y cerradas", "icono": "icono/moneda-de-dinero.png", "ruta": "sesioncaja/", "activo": true}}, {"model": "administrativo.modulo", "pk": 11, "fields": {"usuario_creacion": 1, "fecha_creacion": "2023-04-25T17:08:26.976Z", "fecha_modificacion": "2023-04-25T17:08:26.976Z", "usuario_modificacion": null, "status": true, "nombre": "Mis cursos", "descripcion": "Cursos a cargo", "icono": "icono/aula.png", "ruta": "miscursos/", "activo": true}}, {"model": "administrativo.modulo", "pk": 12, "fields": {"usuario_creacion": 1, "fecha_creacion": "2023-04-28T16:21:19.395Z", "fecha_modificacion": "2023-04-28T16:21:19.395Z", "usuario_modificacion": null, "status": true, "nombre": "Facturas", "descripcion": "Facturas", "icono": "icono/factura.png", "ruta": "facturas/", "activo": true}}, {"model": "administrativo.modulo", "pk": 13, "fields": {"usuario_creacion": 1, "fecha_creacion": "2023-04-28T17:05:09.326Z", "fecha_modificacion": "2023-04-28T17:05:09.326Z", "usuario_modificacion": null, "status": true, "nombre": "Cargos", "descripcion": "Cargos ocupacionales", "icono": "icono/curriculum-en-linea.png", "ruta": "cargos/", "activo": true}}, {"model": "administrativo.genero", "pk": 1, "fields": {"usuario_creacion": null, "fecha_creacion": "2023-04-21T01:17:04.949Z", "fecha_modificacion": "2023-04-21T01:17:04.949Z", "usuario_modificacion": null, "status": true, "nombre": "Masculino"}}, {"model": "administrativo.genero", "pk": 2, "fields": {"usuario_creacion": null, "fecha_creacion": "2023-04-21T01:17:09.071Z", "fecha_modificacion": "2023-04-21T01:17:09.071Z", "usuario_modificacion": null, "status": true, "nombre": "Femenino"}}, {"model": "administrativo.persona", "pk": 1, "fields": {"usuario_creacion": 1, "fecha_creacion": "2023-04-21T01:20:54.002Z", "fecha_modificacion": "2023-04-28T17:30:36.442Z", "usuario_modificacion": 1, "status": true, "usuario": 2, "nombres": "John Alfredo", "apellidos": "Idrovo Campoverde", "email": "jidrovoc@unemi.edu.ec", "cedula": "0941781726", "telefono_movil": "09 616 3528", "telefono_convencional": "042 122 3444", "genero": 1, "direccion": "Av. Juan GarcÝa Legarda", "referencia": "Cd", "ciudad": "Milagro"}}, {"model": "administrativo.persona", "pk": 2, "fields": {"usuario_creacion": 1, "fecha_creacion": "2023-04-21T13:42:18.735Z", "fecha_modificacion": "2023-04-21T13:42:18.735Z", "usuario_modificacion": null, "status": true, "usuario": 3, "nombres": "Samuel Aaron", "apellidos": "Vera Martinez", "email": "sveram@unemi.edu.ec", "cedula": "0929746493", "telefono_movil": "09 888 7813", "telefono_convencional": "042 712 366", "genero": 1, "direccion": "Av. Juan GarcÝa Legarda", "referencia": "Por el Cac", "ciudad": "Milagro"}}, {"model": "administrativo.persona", "pk": 3, "fields": {"usuario_creacion": 1, "fecha_creacion": "2023-04-28T17:28:47.482Z", "fecha_modificacion": "2023-04-28T17:29:27.424Z", "usuario_modificacion": 1, "status": true, "usuario": 4, "nombres": "Wladimir Josue", "apellidos": "Tapia Hernandez", "email": "DS@NEM.COM", "cedula": "0942531856", "telefono_movil": "", "telefono_convencional": "", "genero": 1, "direccion": "s", "referencia": "a", "ciudad": "Milagro"}}, {"model": "administrativo.personaperfil", "pk": 1, "fields": {"usuario_creacion": 1, "fecha_creacion": "2023-04-21T01:20:54.002Z", "fecha_modificacion": "2023-04-24T17:39:56.547Z", "usuario_modificacion": null, "status": true, "persona": 1, "is_profesor": true, "is_administrador": true, "is_alumno": false}}, {"model": "administrativo.personaperfil", "pk": 2, "fields": {"usuario_creacion": 1, "fecha_creacion": "2023-04-21T13:42:18.735Z", "fecha_modificacion": "2023-04-21T13:42:18.735Z", "usuario_modificacion": null, "status": true, "persona": 2, "is_profesor": false, "is_administrador": false, "is_alumno": true}}, {"model": "administrativo.personaperfil", "pk": 3, "fields": {"usuario_creacion": 1, "fecha_creacion": "2023-04-28T17:28:47.483Z", "fecha_modificacion": "2023-04-28T17:28:47.483Z", "usuario_modificacion": null, "status": true, "persona": 3, "is_profesor": true, "is_administrador": false, "is_alumno": false}}, {"model": "administrativo.cargo", "pk": 1, "fields": {"usuario_creacion": 1, "fecha_creacion": "2023-04-28T17:26:22.305Z", "fecha_modificacion": "2023-04-28T17:27:37.595Z", "usuario_modificacion": null, "status": false, "nombre": "INGENIERO EN SISTEMAS COMPUTACIONALES"}}, {"model": "administrativo.cargo", "pk": 2, "fields": {"usuario_creacion": 1, "fecha_creacion": "2023-04-28T17:27:45.175Z", "fecha_modificacion": "2023-04-28T17:32:29.539Z", "usuario_modificacion": 1, "status": true, "nombre": "Ingeniero en sistemas computacionales"}}, {"model": "administrativo.docente", "pk": 1, "fields": {"usuario_creacion": 1, "fecha_creacion": "2023-04-21T01:20:54.017Z", "fecha_modificacion": "2023-04-28T17:30:36.434Z", "usuario_modificacion": 1, "status": true, "persona": 1, "cargo": 2, "fechaingreso": "2023-04-20", "contrato": "", "activo": true}}, {"model": "administrativo.docente", "pk": 2, "fields": {"usuario_creacion": 1, "fecha_creacion": "2023-04-28T17:28:47.485Z", "fecha_modificacion": "2023-04-28T17:29:27.419Z", "usuario_modificacion": 1, "status": true, "persona": 3, "cargo": 2, "fechaingreso": "2023-04-28", "contrato": "", "activo": true}}, {"model": "administrativo.alumno", "pk": 1, "fields": {"usuario_creacion": 1, "fecha_creacion": "2023-04-21T13:42:18.735Z", "fecha_modificacion": "2023-04-21T13:42:18.735Z", "usuario_modificacion": null, "status": true, "persona": 2}}, {"model": "administrativo.alumno", "pk": 2, "fields": {"usuario_creacion": null, "fecha_creacion": "2023-04-25T15:57:07.325Z", "fecha_modificacion": "2023-04-25T15:57:07.325Z", "usuario_modificacion": null, "status": true, "persona": 1}}, {"model": "administrativo.periodo", "pk": 1, "fields": {"usuario_creacion": 1, "fecha_creacion": "2023-04-21T15:00:51.449Z", "fecha_modificacion": "2023-04-21T15:30:42.153Z", "usuario_modificacion": 1, "status": true, "nombre": "PERIODO 2023", "descripcion": "PERIODO ACAD╔MICO CORRESPONDIENTE AL AÐO 2023", "inicio": "2023-01-01", "fin": "2023-12-31", "activo": true}}, {"model": "administrativo.tipootrorubro", "pk": 1, "fields": {"usuario_creacion": 1, "fecha_creacion": "2023-04-22T22:45:00.263Z", "fecha_modificacion": "2023-04-22T22:45:29.341Z", "usuario_modificacion": 1, "status": false, "nombre": "Inscripci¾n", "descripcion": "Tipo rubro por inscripci¾n del curso", "valor": "0.00", "activo": true, "tiporubro": 1}}, {"model": "administrativo.tipootrorubro", "pk": 2, "fields": {"usuario_creacion": 1, "fecha_creacion": "2023-04-22T22:45:37.130Z", "fecha_modificacion": "2023-04-22T22:54:39.977Z", "usuario_modificacion": 1, "status": true, "nombre": "Inscripci¾n", "descripcion": "Tipo rubro por inscripci¾n del curso", "valor": "0.00", "activo": true, "tiporubro": 1}}, {"model": "administrativo.tipootrorubro", "pk": 3, "fields": {"usuario_creacion": 1, "fecha_creacion": "2023-04-22T22:45:53.272Z", "fecha_modificacion": "2023-04-22T22:45:53.272Z", "usuario_modificacion": null, "status": true, "nombre": "MatrÝcula", "descripcion": "Tipo rubro por matrÝcula del curso", "valor": "0.00", "activo": true, "tiporubro": 1}}, {"model": "administrativo.tipootrorubro", "pk": 4, "fields": {"usuario_creacion": 1, "fecha_creacion": "2023-04-22T22:46:11.665Z", "fecha_modificacion": "2023-04-22T22:46:11.665Z", "usuario_modificacion": null, "status": true, "nombre": "Cuota", "descripcion": "Tipo rubro por cuotas del curso", "valor": "0.00", "activo": true, "tiporubro": 1}}, {"model": "administrativo.tipootrorubro", "pk": 5, "fields": {"usuario_creacion": 1, "fecha_creacion": "2023-04-22T22:46:27.146Z", "fecha_modificacion": "2023-04-22T22:46:27.146Z", "usuario_modificacion": null, "status": true, "nombre": "Valor total", "descripcion": "Tipo rubro por valor total del curso", "valor": "0.00", "activo": true, "tiporubro": 1}}, {"model": "administrativo.curso", "pk": 1, "fields": {"usuario_creacion": 1, "fecha_creacion": "2023-04-21T22:04:54.061Z", "fecha_modificacion": "2023-04-22T23:04:53.539Z", "usuario_modificacion": 1, "status": false, "periodo": 1, "modeloevaluativo": null, "nombre": "CURSO DE ENFERMER═A", "estado": null, "tiporubro": null, "tiporubroinscripcion": null, "tiporubromatricula": null, "tiporubrocuota": null, "horasvirtual": 240, "minasistencia": 70, "minnota": 70, "cupo": 80, "cuotas": 0, "costo": "250.00", "gcuotas": true, "inscripcion": false, "costoinscripcion": "0.00", "oferta": false, "costooferta": "0.00", "matricula": false, "costomatricula": "0.00", "modalidad": null, "docente": 1, "fechainicio": "2023-05-01", "fechafin": "2023-05-31", "fechainicioinscripcion": "2023-05-01", "fechafininscripcion": "2023-05-01", "observacion": "na", "objetivo": "na", "contenido": "na", "visualizar": false, "publicarcurso": true, "planificacion": "planificacioncurso/planificacion202342117614.pdf", "fondoweb": "fondoweb/imagenweb202342117614.png", "fondocursos": "", "finalizarcurso": false}}, {"model": "administrativo.curso", "pk": 2, "fields": {"usuario_creacion": 1, "fecha_creacion": "2023-04-21T22:07:30.106Z", "fecha_modificacion": "2023-04-22T23:04:48.912Z", "usuario_modificacion": 1, "status": false, "periodo": 1, "modeloevaluativo": null, "nombre": "CURSO DE ENFERMER═A", "estado": null, "tiporubro": null, "tiporubroinscripcion": null, "tiporubromatricula": null, "tiporubrocuota": null, "horasvirtual": 240, "minasistencia": 70, "minnota": 70, "cupo": 80, "cuotas": 0, "costo": "250.00", "gcuotas": true, "inscripcion": false, "costoinscripcion": "0.00", "oferta": false, "costooferta": "0.00", "matricula": false, "costomatricula": "0.00", "modalidad": null, "docente": 1, "fechainicio": "2023-05-01", "fechafin": "2023-05-31", "fechainicioinscripcion": "2023-05-01", "fechafininscripcion": "2023-05-01", "observacion": "na", "objetivo": "na", "contenido": "na", "visualizar": false, "publicarcurso": true, "planificacion": "planificacioncurso/planificacion202342117731.pdf", "fondoweb": "fondoweb/imagenweb202342117732.png", "fondocursos": "fondocursos/imagen202342117755.png", "finalizarcurso": false}}, {"model": "administrativo.curso", "pk": 3, "fields": {"usuario_creacion": 1, "fecha_creacion": "2023-04-22T23:09:39.262Z", "fecha_modificacion": "2023-04-25T20:12:22.826Z", "usuario_modificacion": 1, "status": true, "periodo": null, "modeloevaluativo": null, "nombre": "CURSO DE ENFERMER═A", "estado": null, "tiporubro": 5, "tiporubroinscripcion": 2, "tiporubromatricula": 3, "tiporubrocuota": 4, "horasvirtual": 80, "minasistencia": 70, "minnota": 70, "cupo": 80, "cuotas": 4, "costo": "250.00", "gcuotas": true, "inscripcion": true, "costoinscripcion": "50.00", "oferta": false, "costooferta": "0.00", "matricula": true, "costomatricula": "50.00", "modalidad": null, "docente": 1, "fechainicio": "2023-05-01", "fechafin": "2023-05-31", "fechainicioinscripcion": "2023-04-22", "fechafininscripcion": "2023-04-30", "observacion": "NA", "objetivo": "NA", "contenido": "NA", "visualizar": false, "publicarcurso": true, "planificacion": "planificacioncurso/planificacion202342218943.pdf", "fondoweb": "fondoweb/imagenweb202342218943.png", "fondocursos": "fondocursos/imagen202342218943.png", "finalizarcurso": false}}, {"model": "administrativo.curso", "pk": 4, "fields": {"usuario_creacion": 2, "fecha_creacion": "2023-04-28T15:50:08.699Z", "fecha_modificacion": "2023-04-29T22:38:22.846Z", "usuario_modificacion": 1, "status": true, "periodo": 1, "modeloevaluativo": null, "nombre": "CURSO DE PRIMEROS AUXILIOS", "estado": null, "tiporubro": 5, "tiporubroinscripcion": null, "tiporubromatricula": null, "tiporubrocuota": null, "horasvirtual": 80, "minasistencia": 70, "minnota": 70, "cupo": 79, "cuotas": 0, "costo": "250.00", "gcuotas": false, "inscripcion": false, "costoinscripcion": "0.00", "oferta": false, "costooferta": "0.00", "matricula": false, "costomatricula": "0.00", "modalidad": null, "docente": 1, "fechainicio": "2023-05-01", "fechafin": "2023-05-31", "fechainicioinscripcion": "2023-04-28", "fechafininscripcion": "2023-04-30", "observacion": "ningun", "objetivo": "ningun", "contenido": "ninguna", "visualizar": false, "publicarcurso": true, "planificacion": "planificacioncurso/planificacion202342810508.pdf", "fondoweb": "fondoweb/imagenweb202342816230.jpg", "fondocursos": "fondocursos/imagen202342816231.jpg", "finalizarcurso": false}}, {"model": "administrativo.curso", "pk": 5, "fields": {"usuario_creacion": 2, "fecha_creacion": "2023-04-28T15:53:13.421Z", "fecha_modificacion": "2023-04-28T21:03:15.606Z", "usuario_modificacion": 2, "status": true, "periodo": 1, "modeloevaluativo": null, "nombre": "CURSO DE HERRER═A", "estado": null, "tiporubro": 5, "tiporubroinscripcion": null, "tiporubromatricula": 3, "tiporubrocuota": 4, "horasvirtual": 100, "minasistencia": 70, "minnota": 70, "cupo": 80, "cuotas": 4, "costo": "300.00", "gcuotas": true, "inscripcion": false, "costoinscripcion": "0.00", "oferta": false, "costooferta": "0.00", "matricula": true, "costomatricula": "50.00", "modalidad": null, "docente": 1, "fechainicio": "2023-04-01", "fechafin": "2023-04-30", "fechainicioinscripcion": "2023-03-01", "fechafininscripcion": "2023-03-31", "observacion": "N", "objetivo": "N", "contenido": "N", "visualizar": false, "publicarcurso": true, "planificacion": "planificacioncurso/planificacion2023428105313.pdf", "fondoweb": "fondoweb/imagenweb202342816315.jpg", "fondocursos": "fondocursos/imagen202342816315.jpg", "finalizarcurso": false}}, {"model": "administrativo.curso", "pk": 6, "fields": {"usuario_creacion": 2, "fecha_creacion": "2023-04-28T15:54:42.137Z", "fecha_modificacion": "2023-04-28T16:09:17.525Z", "usuario_modificacion": 2, "status": false, "periodo": 1, "modeloevaluativo": null, "nombre": "CURSO DE PROGRAMACIËN", "estado": null, "tiporubro": 5, "tiporubroinscripcion": null, "tiporubromatricula": null, "tiporubrocuota": null, "horasvirtual": 80, "minasistencia": 70, "minnota": 70, "cupo": 80, "cuotas": 0, "costo": "100.00", "gcuotas": false, "inscripcion": false, "costoinscripcion": "0.00", "oferta": false, "costooferta": "0.00", "matricula": false, "costomatricula": "0.00", "modalidad": null, "docente": 1, "fechainicio": "2023-04-01", "fechafin": "2023-04-30", "fechainicioinscripcion": "2023-03-01", "fechafininscripcion": "2023-03-31", "observacion": "NA", "objetivo": "NA", "contenido": "NA", "visualizar": false, "publicarcurso": true, "planificacion": "planificacioncurso/planificacion2023428105442.pdf", "fondoweb": "fondoweb/imagenweb2023428105442.png", "fondocursos": "fondocursos/imagen2023428105442.png", "finalizarcurso": false}}, {"model": "administrativo.curso", "pk": 7, "fields": {"usuario_creacion": 2, "fecha_creacion": "2023-04-28T16:10:33.115Z", "fecha_modificacion": "2023-04-28T21:04:02.817Z", "usuario_modificacion": 2, "status": true, "periodo": 1, "modeloevaluativo": null, "nombre": "CURSO DE PROGRAMACIËN", "estado": null, "tiporubro": 5, "tiporubroinscripcion": null, "tiporubromatricula": null, "tiporubrocuota": null, "horasvirtual": 80, "minasistencia": 70, "minnota": 70, "cupo": 80, "cuotas": 0, "costo": "100.00", "gcuotas": false, "inscripcion": false, "costoinscripcion": "0.00", "oferta": true, "costooferta": "50.00", "matricula": false, "costomatricula": "0.00", "modalidad": null, "docente": 1, "fechainicio": "2023-04-01", "fechafin": "2023-04-30", "fechainicioinscripcion": "2023-03-01", "fechafininscripcion": "2023-03-31", "observacion": "NINGUNA", "objetivo": "ninguna", "contenido": "ninguna", "visualizar": false, "publicarcurso": true, "planificacion": "planificacioncurso/planificacion2023428111043.pdf", "fondoweb": "fondoweb/imagenweb20234281642.jpg", "fondocursos": "fondocursos/imagen20234281642.jpg", "finalizarcurso": false}}, {"model": "administrativo.curso", "pk": 8, "fields": {"usuario_creacion": 2, "fecha_creacion": "2023-04-28T19:40:36.916Z", "fecha_modificacion": "2023-04-28T21:01:04.492Z", "usuario_modificacion": 2, "status": true, "periodo": 1, "modeloevaluativo": null, "nombre": "CURSO DE PRUEBA", "estado": null, "tiporubro": 5, "tiporubroinscripcion": 2, "tiporubromatricula": 3, "tiporubrocuota": 4, "horasvirtual": 80, "minasistencia": 70, "minnota": 70, "cupo": 80, "cuotas": 4, "costo": "500.00", "gcuotas": true, "inscripcion": true, "costoinscripcion": "100.00", "oferta": false, "costooferta": "0.00", "matricula": true, "costomatricula": "100.00", "modalidad": 1, "docente": 2, "fechainicio": "2023-05-01", "fechafin": "2023-05-31", "fechainicioinscripcion": "2023-04-01", "fechafininscripcion": "2023-04-30", "observacion": "NA", "objetivo": "NA", "contenido": "NA", "visualizar": false, "publicarcurso": true, "planificacion": "planificacioncurso/planificacion2023428144040.pdf", "fondoweb": "fondoweb/imagenweb20234281613.jpg", "fondocursos": "fondocursos/imagen20234281614.jpg", "finalizarcurso": false}}, {"model": "administrativo.inscritocurso", "pk": 1, "fields": {"usuario_creacion": 1, "fecha_creacion": "2023-04-23T00:14:06.166Z", "fecha_modificacion": "2023-04-25T16:07:36.670Z", "usuario_modificacion": 1, "status": false, "alumno": 1, "curso": 3, "estado": 2}}, {"model": "administrativo.inscritocurso", "pk": 2, "fields": {"usuario_creacion": 1, "fecha_creacion": "2023-04-25T15:57:41.643Z", "fecha_modificacion": "2023-04-25T15:57:41.643Z", "usuario_modificacion": null, "status": true, "alumno": 2, "curso": 3, "estado": 2}}, {"model": "administrativo.inscritocurso", "pk": 3, "fields": {"usuario_creacion": 1, "fecha_creacion": "2023-04-25T16:09:09.448Z", "fecha_modificacion": "2023-04-25T16:09:09.448Z", "usuario_modificacion": null, "status": true, "alumno": 1, "curso": 3, "estado": 2}}, {"model": "administrativo.inscritocurso", "pk": 4, "fields": {"usuario_creacion": 1, "fecha_creacion": "2023-04-29T22:38:00.848Z", "fecha_modificacion": "2023-04-29T22:38:00.848Z", "usuario_modificacion": null, "status": true, "alumno": 2, "curso": 4, "estado": 2}}, {"model": "administrativo.rubro", "pk": 1, "fields": {"usuario_creacion": null, "fecha_creacion": "2023-04-25T16:09:16.195Z", "fecha_modificacion": "2023-04-25T16:09:16.195Z", "usuario_modificacion": null, "status": true, "tiporubro": 2, "curso": 3, "persona": 2, "nombre": "Inscripci¾n - CURSO DE ENFERMER═A", "cuota": 0, "tipocuota": 1, "subtotal": "0.00", "valor": "50.00", "fecha": "2023-04-25", "fechavencimiento": "2023-04-25", "cancelado": false}}, {"model": "administrativo.rubro", "pk": 2, "fields": {"usuario_creacion": null, "fecha_creacion": "2023-04-25T16:09:19.417Z", "fecha_modificacion": "2023-04-25T16:09:19.417Z", "usuario_modificacion": null, "status": true, "tiporubro": 3, "curso": 3, "persona": 2, "nombre": "MatrÝcula - CURSO DE ENFERMER═A", "cuota": 0, "tipocuota": 2, "subtotal": "0.00", "valor": "50.00", "fecha": "2023-04-25", "fechavencimiento": "2023-04-25", "cancelado": false}}, {"model": "administrativo.rubro", "pk": 3, "fields": {"usuario_creacion": null, "fecha_creacion": "2023-04-25T16:09:22.942Z", "fecha_modificacion": "2023-04-25T16:09:22.942Z", "usuario_modificacion": null, "status": true, "tiporubro": 4, "curso": 3, "persona": 2, "nombre": "Cuota - CURSO DE ENFERMER═A", "cuota": 1, "tipocuota": 3, "subtotal": "0.00", "valor": "50.00", "fecha": "2023-04-25", "fechavencimiento": "2023-04-25", "cancelado": false}}, {"model": "administrativo.rubro", "pk": 4, "fields": {"usuario_creacion": null, "fecha_creacion": "2023-04-25T16:09:24.677Z", "fecha_modificacion": "2023-04-25T16:09:24.677Z", "usuario_modificacion": null, "status": true, "tiporubro": 4, "curso": 3, "persona": 2, "nombre": "Cuota - CURSO DE ENFERMER═A", "cuota": 2, "tipocuota": 3, "subtotal": "0.00", "valor": "50.00", "fecha": "2023-04-25", "fechavencimiento": "2023-04-25", "cancelado": false}}, {"model": "administrativo.rubro", "pk": 5, "fields": {"usuario_creacion": null, "fecha_creacion": "2023-04-25T16:09:27.867Z", "fecha_modificacion": "2023-04-25T16:09:27.867Z", "usuario_modificacion": null, "status": true, "tiporubro": 4, "curso": 3, "persona": 2, "nombre": "Cuota - CURSO DE ENFERMER═A", "cuota": 3, "tipocuota": 3, "subtotal": "0.00", "valor": "50.00", "fecha": "2023-04-25", "fechavencimiento": "2023-04-25", "cancelado": false}}, {"model": "administrativo.rubro", "pk": 6, "fields": {"usuario_creacion": null, "fecha_creacion": "2023-04-29T22:38:14.724Z", "fecha_modificacion": "2023-04-29T22:38:14.724Z", "usuario_modificacion": null, "status": true, "tiporubro": 5, "curso": 4, "persona": 1, "nombre": "Valor total - CURSO DE PRIMEROS AUXILIOS", "cuota": 0, "tipocuota": 4, "subtotal": "0.00", "valor": "250.00", "fecha": "2023-04-29", "fechavencimiento": "2023-04-29", "cancelado": false}}, {"model": "administrativo.cuotascurso", "pk": 1, "fields": {"usuario_creacion": 1, "fecha_creacion": "2023-04-21T22:05:36.656Z", "fecha_modificacion": "2023-04-21T22:05:36.656Z", "usuario_modificacion": null, "status": true, "curso": 1, "numerocuota": 1, "inicio": "2023-05-01", "fin": "2023-05-07", "valor": "50.00"}}, {"model": "administrativo.cuotascurso", "pk": 2, "fields": {"usuario_creacion": 1, "fecha_creacion": "2023-04-21T22:06:14.403Z", "fecha_modificacion": "2023-04-21T22:06:14.403Z", "usuario_modificacion": null, "status": true, "curso": 1, "numerocuota": 2, "inicio": "2023-05-08", "fin": "2023-05-14", "valor": "50.00"}}, {"model": "administrativo.cuotascurso", "pk": 3, "fields": {"usuario_creacion": 1, "fecha_creacion": "2023-04-21T22:06:14.405Z", "fecha_modificacion": "2023-04-21T22:06:14.405Z", "usuario_modificacion": null, "status": true, "curso": 1, "numerocuota": 3, "inicio": "2023-05-15", "fin": "2023-05-21", "valor": "50.00"}}, {"model": "administrativo.cuotascurso", "pk": 4, "fields": {"usuario_creacion": 1, "fecha_creacion": "2023-04-21T22:06:14.406Z", "fecha_modificacion": "2023-04-21T22:06:14.406Z", "usuario_modificacion": null, "status": true, "curso": 1, "numerocuota": 4, "inicio": "2023-05-22", "fin": "2023-05-28", "valor": "50.00"}}, {"model": "administrativo.cuotascurso", "pk": 5, "fields": {"usuario_creacion": 1, "fecha_creacion": "2023-04-21T22:07:30.106Z", "fecha_modificacion": "2023-04-21T22:07:30.106Z", "usuario_modificacion": null, "status": true, "curso": 2, "numerocuota": 1, "inicio": "2023-05-01", "fin": "2023-05-07", "valor": "50.00"}}, {"model": "administrativo.cuotascurso", "pk": 6, "fields": {"usuario_creacion": 1, "fecha_creacion": "2023-04-21T22:07:30.106Z", "fecha_modificacion": "2023-04-21T22:07:30.106Z", "usuario_modificacion": null, "status": true, "curso": 2, "numerocuota": 2, "inicio": "2023-05-08", "fin": "2023-05-14", "valor": "50.00"}}, {"model": "administrativo.cuotascurso", "pk": 7, "fields": {"usuario_creacion": 1, "fecha_creacion": "2023-04-21T22:07:30.106Z", "fecha_modificacion": "2023-04-21T22:07:30.106Z", "usuario_modificacion": null, "status": true, "curso": 2, "numerocuota": 3, "inicio": "2023-05-15", "fin": "2023-05-21", "valor": "50.00"}}, {"model": "administrativo.cuotascurso", "pk": 8, "fields": {"usuario_creacion": 1, "fecha_creacion": "2023-04-21T22:07:30.106Z", "fecha_modificacion": "2023-04-21T22:07:30.106Z", "usuario_modificacion": null, "status": true, "curso": 2, "numerocuota": 4, "inicio": "2023-05-22", "fin": "2023-05-28", "valor": "50.00"}}, {"model": "administrativo.cuotascurso", "pk": 9, "fields": {"usuario_creacion": 1, "fecha_creacion": "2023-04-22T23:09:39.262Z", "fecha_modificacion": "2023-04-22T23:09:39.262Z", "usuario_modificacion": null, "status": true, "curso": 3, "numerocuota": 1, "inicio": "2023-05-01", "fin": "2023-05-07", "valor": "50.00"}}, {"model": "administrativo.cuotascurso", "pk": 10, "fields": {"usuario_creacion": 1, "fecha_creacion": "2023-04-22T23:09:39.262Z", "fecha_modificacion": "2023-04-22T23:09:39.262Z", "usuario_modificacion": null, "status": true, "curso": 3, "numerocuota": 2, "inicio": "2023-05-08", "fin": "2023-05-14", "valor": "50.00"}}, {"model": "administrativo.cuotascurso", "pk": 11, "fields": {"usuario_creacion": 1, "fecha_creacion": "2023-04-22T23:09:39.262Z", "fecha_modificacion": "2023-04-22T23:09:39.262Z", "usuario_modificacion": null, "status": true, "curso": 3, "numerocuota": 3, "inicio": "2023-05-15", "fin": "2023-05-21", "valor": "50.00"}}, {"model": "administrativo.cuotascurso", "pk": 12, "fields": {"usuario_creacion": 2, "fecha_creacion": "2023-04-28T15:53:13.424Z", "fecha_modificacion": "2023-04-28T15:53:13.424Z", "usuario_modificacion": null, "status": true, "curso": 5, "numerocuota": 1, "inicio": "2023-03-01", "fin": "2023-03-05", "valor": "100.00"}}, {"model": "administrativo.cuotascurso", "pk": 13, "fields": {"usuario_creacion": 2, "fecha_creacion": "2023-04-28T15:53:13.425Z", "fecha_modificacion": "2023-04-28T15:53:13.425Z", "usuario_modificacion": null, "status": true, "curso": 5, "numerocuota": 2, "inicio": "2023-03-06", "fin": "2023-03-12", "valor": "100.00"}}, {"model": "administrativo.cuotascurso", "pk": 14, "fields": {"usuario_creacion": 2, "fecha_creacion": "2023-04-28T15:53:13.426Z", "fecha_modificacion": "2023-04-28T15:53:13.426Z", "usuario_modificacion": null, "status": true, "curso": 5, "numerocuota": 3, "inicio": "2023-03-13", "fin": "2023-03-19", "valor": "50.00"}}, {"model": "administrativo.cuotascurso", "pk": 15, "fields": {"usuario_creacion": 2, "fecha_creacion": "2023-04-28T19:40:36.920Z", "fecha_modificacion": "2023-04-28T19:40:36.920Z", "usuario_modificacion": null, "status": true, "curso": 8, "numerocuota": 1, "inicio": "2023-04-03", "fin": "2023-04-09", "valor": "100.00"}}, {"model": "administrativo.cuotascurso", "pk": 16, "fields": {"usuario_creacion": 2, "fecha_creacion": "2023-04-28T19:40:36.922Z", "fecha_modificacion": "2023-04-28T19:40:36.922Z", "usuario_modificacion": null, "status": true, "curso": 8, "numerocuota": 2, "inicio": "2023-04-10", "fin": "2023-04-16", "valor": "100.00"}}, {"model": "administrativo.cuotascurso", "pk": 17, "fields": {"usuario_creacion": 2, "fecha_creacion": "2023-04-28T19:40:36.922Z", "fecha_modificacion": "2023-04-28T19:40:36.922Z", "usuario_modificacion": null, "status": true, "curso": 8, "numerocuota": 3, "inicio": "2023-04-17", "fin": "2023-04-23", "valor": "100.00"}}, {"model": "administrativo.accesomodulo", "pk": 1, "fields": {"usuario_creacion": null, "fecha_creacion": "2023-04-24T17:43:55.557Z", "fecha_modificacion": "2023-04-24T17:43:55.557Z", "usuario_modificacion": null, "status": true, "grupo": 1, "modulo": 4, "activo": true}}, {"model": "administrativo.accesomodulo", "pk": 2, "fields": {"usuario_creacion": null, "fecha_creacion": "2023-04-24T17:44:02.391Z", "fecha_modificacion": "2023-04-24T17:44:02.391Z", "usuario_modificacion": null, "status": true, "grupo": 1, "modulo": 5, "activo": true}}, {"model": "administrativo.accesomodulo", "pk": 3, "fields": {"usuario_creacion": null, "fecha_creacion": "2023-04-24T17:44:08.973Z", "fecha_modificacion": "2023-04-24T17:44:08.973Z", "usuario_modificacion": null, "status": true, "grupo": 1, "modulo": 6, "activo": true}}, {"model": "administrativo.accesomodulo", "pk": 4, "fields": {"usuario_creacion": null, "fecha_creacion": "2023-04-24T17:44:14.181Z", "fecha_modificacion": "2023-04-24T17:44:14.181Z", "usuario_modificacion": null, "status": true, "grupo": 1, "modulo": 7, "activo": true}}, {"model": "administrativo.accesomodulo", "pk": 5, "fields": {"usuario_creacion": null, "fecha_creacion": "2023-04-24T17:44:22.583Z", "fecha_modificacion": "2023-04-24T17:44:22.583Z", "usuario_modificacion": null, "status": true, "grupo": 1, "modulo": 8, "activo": true}}, {"model": "administrativo.accesomodulo", "pk": 6, "fields": {"usuario_creacion": null, "fecha_creacion": "2023-04-24T17:44:29.305Z", "fecha_modificacion": "2023-04-24T17:44:29.306Z", "usuario_modificacion": null, "status": true, "grupo": 1, "modulo": 9, "activo": true}}, {"model": "administrativo.accesomodulo", "pk": 7, "fields": {"usuario_creacion": null, "fecha_creacion": "2023-04-24T17:44:33.845Z", "fecha_modificacion": "2023-04-24T17:44:33.845Z", "usuario_modificacion": null, "status": true, "grupo": 1, "modulo": 10, "activo": true}}, {"model": "administrativo.accesomodulo", "pk": 8, "fields": {"usuario_creacion": null, "fecha_creacion": "2023-04-25T17:09:07.548Z", "fecha_modificacion": "2023-04-25T17:09:07.548Z", "usuario_modificacion": null, "status": true, "grupo": 2, "modulo": 11, "activo": true}}, {"model": "administrativo.accesomodulo", "pk": 9, "fields": {"usuario_creacion": null, "fecha_creacion": "2023-04-28T16:21:44.097Z", "fecha_modificacion": "2023-04-28T16:21:44.097Z", "usuario_modificacion": null, "status": true, "grupo": 1, "modulo": 12, "activo": true}}, {"model": "administrativo.accesomodulo", "pk": 10, "fields": {"usuario_creacion": null, "fecha_creacion": "2023-04-28T17:11:05.417Z", "fecha_modificacion": "2023-04-28T17:11:05.417Z", "usuario_modificacion": null, "status": true, "grupo": 1, "modulo": 13, "activo": true}}, {"model": "administrativo.accesomodulo", "pk": 11, "fields": {"usuario_creacion": null, "fecha_creacion": "2023-04-28T17:37:08.222Z", "fecha_modificacion": "2023-04-28T17:37:11.474Z", "usuario_modificacion": null, "status": true, "grupo": 1, "modulo": 3, "activo": true}}, {"model": "administrativo.accesomodulo", "pk": 12, "fields": {"usuario_creacion": null, "fecha_creacion": "2023-04-28T17:38:05.597Z", "fecha_modificacion": "2023-04-28T17:38:05.597Z", "usuario_modificacion": null, "status": true, "grupo": 1, "modulo": 2, "activo": true}}, {"model": "administrativo.caja", "pk": 1, "fields": {"usuario_creacion": 1, "fecha_creacion": "2023-04-24T16:16:22.600Z", "fecha_modificacion": "2023-04-24T16:33:09.630Z", "usuario_modificacion": 1, "status": true, "nombre": "CAJA IDROVO", "descripcion": "CAJA PARA FACTURAR", "persona": 1, "activo": true}}, {"model": "administrativo.caja", "pk": 2, "fields": {"usuario_creacion": 1, "fecha_creacion": "2023-04-24T16:21:37.271Z", "fecha_modificacion": "2023-04-24T16:24:53.044Z", "usuario_modificacion": null, "status": false, "nombre": "s", "descripcion": "s", "persona": 2, "activo": true}}, {"model": "administrativo.sesioncaja", "pk": 1, "fields": {"usuario_creacion": 2, "fecha_creacion": "2023-04-24T17:48:58.342Z", "fecha_modificacion": "2023-04-25T15:27:01.530Z", "usuario_modificacion": null, "status": false, "caja": 1, "inicio": "2023-04-24", "fin": "2023-04-24", "valorinicial": "0.00", "activo": true}}, {"model": "administrativo.sesioncaja", "pk": 2, "fields": {"usuario_creacion": 2, "fecha_creacion": "2023-04-25T15:27:07.670Z", "fecha_modificacion": "2023-04-25T15:32:53.799Z", "usuario_modificacion": 2, "status": true, "caja": 1, "inicio": "2023-04-25", "fin": "2023-04-25", "valorinicial": "0.00", "activo": false}}, {"model": "administrativo.sesioncaja", "pk": 3, "fields": {"usuario_creacion": 2, "fecha_creacion": "2023-04-25T15:35:03.735Z", "fecha_modificacion": "2023-04-30T20:44:32.842Z", "usuario_modificacion": 2, "status": true, "caja": 1, "inicio": "2023-04-25", "fin": "2023-04-30", "valorinicial": "0.00", "activo": false}}, {"model": "administrativo.sesioncaja", "pk": 4, "fields": {"usuario_creacion": 2, "fecha_creacion": "2023-04-28T17:40:56.350Z", "fecha_modificacion": "2023-04-28T17:41:12.031Z", "usuario_modificacion": null, "status": false, "caja": 1, "inicio": "2023-04-28", "fin": "2023-04-28", "valorinicial": "0.00", "activo": true}}, {"model": "administrativo.sesioncaja", "pk": 5, "fields": {"usuario_creacion": 2, "fecha_creacion": "2023-04-30T20:44:35.763Z", "fecha_modificacion": "2023-05-02T14:50:10.885Z", "usuario_modificacion": 2, "status": true, "caja": 1, "inicio": "2023-04-30", "fin": "2023-05-02", "valorinicial": "0.00", "activo": false}}, {"model": "administrativo.sesioncaja", "pk": 6, "fields": {"usuario_creacion": 2, "fecha_creacion": "2023-05-02T14:50:14.625Z", "fecha_modificacion": "2023-05-02T14:50:14.625Z", "usuario_modificacion": null, "status": true, "caja": 1, "inicio": "2023-05-02", "fin": "2023-05-02", "valorinicial": "0.00", "activo": true}}, {"model": "administrativo.cierresesioncaja", "pk": 1, "fields": {"usuario_creacion": 2, "fecha_creacion": "2023-04-25T15:29:40.708Z", "fecha_modificacion": "2023-04-25T15:29:40.708Z", "usuario_modificacion": null, "status": true, "sesioncaja": 2, "fechacierre": "2023-04-25", "totalfacturado": "0.00"}}, {"model": "administrativo.cierresesioncaja", "pk": 2, "fields": {"usuario_creacion": 2, "fecha_creacion": "2023-04-25T15:32:53.797Z", "fecha_modificacion": "2023-04-25T15:32:53.797Z", "usuario_modificacion": null, "status": true, "sesioncaja": 2, "fechacierre": "2023-04-25", "totalfacturado": "0.00"}}, {"model": "administrativo.cierresesioncaja", "pk": 3, "fields": {"usuario_creacion": 2, "fecha_creacion": "2023-04-30T20:44:32.840Z", "fecha_modificacion": "2023-04-30T20:44:32.840Z", "usuario_modificacion": null, "status": true, "sesioncaja": 3, "fechacierre": "2023-04-30", "totalfacturado": "0.00"}}, {"model": "administrativo.cierresesioncaja", "pk": 4, "fields": {"usuario_creacion": 2, "fecha_creacion": "2023-05-02T14:50:10.883Z", "fecha_modificacion": "2023-05-02T14:50:10.883Z", "usuario_modificacion": null, "status": true, "sesioncaja": 5, "fechacierre": "2023-05-02", "totalfacturado": "0.00"}}]
